PK_ID,HTTPS
514233,https://api.edmodo.com/
38738,https://apps.mathlearningcenter.org/number-line/
546863,https://apps.mathlearningcenter.org/number-line/
546866,https://apps.mathlearningcenter.org/number-line/
546865,https://apps.mathlearningcenter.org/number-line/
546864,https://apps.mathlearningcenter.org/number-line/
550475,https://archive.org/details/DateWith1950
536625,https://archive.org/download/jana-gana-mana/jana_gana_mana.mp3
542597,https://archive.org/stream/RayBradburyDandelionWine/Ray_Bradbury_-_Dandelion_wine#page/n61/mode/2up
590614,https://ballotpedia.org/Initiative_and_referendum
552174,https://cdn.vox-cdn.com/thumbor/dLvw3QIUp1XNfawJXQ1Wth1Kil0=/0x0:2040x1360/1200x800/filters:focal(857x517:1183x843)/cdn.vox-cdn.com/uploads/chorus_image/image/56698297/main_1200_copy.0.jpg
526051,https://chnm.gmu.edu/1989/exhibits/everyday-life/introduction
533016,https://chnm.gmu.edu/1989/exhibits/everyday-life/introduction
593372,https://commons.wikimedia.org/wiki/File:Periodic_Table_Of_Elements_2016.jpg
593369,https://commons.wikimedia.org/wiki/File:Periodic_Table_Of_Elements_2016.jpg
593367,https://commons.wikimedia.org/wiki/File:Periodic_Table_Of_Elements_2016.jpg
593368,https://commons.wikimedia.org/wiki/File:Periodic_Table_Of_Elements_2016.jpg
546286,https://designschool.canva.com/blog/examples-of-propaganda/
533119,https://docs.google.com/document/d/1-G0aoCXVqCHLqB0CZOIZtSkJaA24AiVNx5Wg0g2tiUY/edit?usp=sharing
551603,https://docs.google.com/document/d/18pkagOTwbienGCAa-YI2ECWYwzh2VmLILXiczlkSavo/edit?usp=sharing
589914,https://docs.google.com/document/d/1Ae_LvqUwu80cbd_Zca_ntfd5x7iF7GJBj2-gP8VYR5s/edit?usp=sharing
545702,https://docs.google.com/document/d/1DhvDv3pV_MtPFhTanAIxHza093GhJ2Pt8iyE4PAzNow/edit?usp=sharing
589925,https://docs.google.com/document/d/1EC0_9BFgjSA5mQlj6Fg-Lt6QKWz6hpz8LzdtmNW2wRA/edit?usp=sharing
533106,https://docs.google.com/document/d/1EMr30i_wXRBtjQcnG-p6rYIVxf4oGtSqSGsqZYvBQiY/edit?usp=sharing
533017,https://docs.google.com/document/d/1EMr30i_wXRBtjQcnG-p6rYIVxf4oGtSqSGsqZYvBQiY/edit?usp=sharing
533112,https://docs.google.com/document/d/1Ia4fd2T7Z1-DwihhFEB69ePaU4SlhYrpoXo-VXz4V7k/edit?usp=sharing
588965,https://docs.google.com/document/d/1L5MFcYc0C-pL7GGmT3zQoZgCi0whcVpxRoYzC8bH6co/edit?usp=sharing
588748,https://docs.google.com/document/d/1LUh6_N4Ln6Ig7E0ZCurb9MXOINO_d1DyTCZMp5-JZ_A/edit?usp=sharing
588747,https://docs.google.com/document/d/1LUh6_N4Ln6Ig7E0ZCurb9MXOINO_d1DyTCZMp5-JZ_A/edit?usp=sharing
589940,https://docs.google.com/document/d/1MZGJCzi9cfEsu89yWCy85mzx9waJDLN2e0qHPzDX-OY/edit?usp=sharing
533029,https://docs.google.com/document/d/1N_Tva9ib2VsLdkkQ5bDmw66ZV39uATUqhx1p9lItYP8/edit?usp=sharing
589923,https://docs.google.com/document/d/1RCmteeFfYyDdJXRQlLlqv15nfUBZ86CcDi6KQx3VfmY/edit?usp=sharing
533109,https://docs.google.com/document/d/1RDkeDYbWro62WJRRNla2bxdvvlXo9AmFv8m_QevWKl0/edit?usp=sharing
533030,https://docs.google.com/document/d/1RqNF-To4p4zcYDlVEUJkTVIaR1h11lgcGy8CVA4-Tb0/edit?usp=sharing
533020,https://docs.google.com/document/d/1RqNF-To4p4zcYDlVEUJkTVIaR1h11lgcGy8CVA4-Tb0/edit?usp=sharing
588599,https://docs.google.com/document/d/1WBOLb923uiYOx4uRwferGXUpExC55bkIavaOYWfMHA4/edit?usp=sharing
589929,https://docs.google.com/document/d/1_EbFupVQbEJcpi7DU4JeJIXgLbyuDL_Y3hvmsY4wMAY/edit?usp=sharing
592102,https://docs.google.com/document/d/1_GwU1Dq_kjKZH6msNx_KhzgDs2Zc0ESv/edit
533023,https://docs.google.com/document/d/1_h-bKVSwF47bfmUSIcnFLpoNbKAE4vrUHyZzm6MiJtM/edit?usp=sharing
544198,https://docs.google.com/document/d/1fKaAOG5a8ZegaceegZfdYBO5GTyJl3Mhl5V-agGAzgQ/edit?usp=sharing
544377,https://docs.google.com/document/d/1fKaAOG5a8ZegaceegZfdYBO5GTyJl3Mhl5V-agGAzgQ/edit?usp=sharing
533033,https://docs.google.com/document/d/1jf2HrTU3juLAeIKjVyThhjHOZiaJQyj5RGa0L1LJmAY/edit?usp=sharing
533115,https://docs.google.com/document/d/1jn3NNvRGBRt2CuY7O5Fyxj9vUYM6jkuhy9Hpgjr1Mq8/edit?usp=sharing
533128,https://docs.google.com/document/d/1jn3NNvRGBRt2CuY7O5Fyxj9vUYM6jkuhy9Hpgjr1Mq8/edit?usp=sharing
533125,https://docs.google.com/document/d/1mPyXNiHapYgLF0t2YIrkc2ZPA8JFb_WbLVs6pFI_73A/edit?usp=sharing
159953,https://docs.google.com/document/d/1m_dDXTmfuIjljCne_PRpXy2xGxz_b-2du0_XtFisHN0/edit?usp=sharing
159956,https://docs.google.com/document/d/1m_dDXTmfuIjljCne_PRpXy2xGxz_b-2du0_XtFisHN0/edit?usp=sharing
159988,https://docs.google.com/document/d/1m_dDXTmfuIjljCne_PRpXy2xGxz_b-2du0_XtFisHN0/edit?usp=sharing
159993,https://docs.google.com/document/d/1m_dDXTmfuIjljCne_PRpXy2xGxz_b-2du0_XtFisHN0/edit?usp=sharing
160028,https://docs.google.com/document/d/1m_dDXTmfuIjljCne_PRpXy2xGxz_b-2du0_XtFisHN0/edit?usp=sharing
160039,https://docs.google.com/document/d/1m_dDXTmfuIjljCne_PRpXy2xGxz_b-2du0_XtFisHN0/edit?usp=sharing
160064,https://docs.google.com/document/d/1m_dDXTmfuIjljCne_PRpXy2xGxz_b-2du0_XtFisHN0/edit?usp=sharing
160107,https://docs.google.com/document/d/1m_dDXTmfuIjljCne_PRpXy2xGxz_b-2du0_XtFisHN0/edit?usp=sharing
160111,https://docs.google.com/document/d/1m_dDXTmfuIjljCne_PRpXy2xGxz_b-2du0_XtFisHN0/edit?usp=sharing
160113,https://docs.google.com/document/d/1m_dDXTmfuIjljCne_PRpXy2xGxz_b-2du0_XtFisHN0/edit?usp=sharing
160116,https://docs.google.com/document/d/1m_dDXTmfuIjljCne_PRpXy2xGxz_b-2du0_XtFisHN0/edit?usp=sharing
533026,https://docs.google.com/document/d/1m_dDXTmfuIjljCne_PRpXy2xGxz_b-2du0_XtFisHN0/edit?usp=sharing
533122,https://docs.google.com/document/d/1m_dDXTmfuIjljCne_PRpXy2xGxz_b-2du0_XtFisHN0/edit?usp=sharing
533036,https://docs.google.com/document/d/1m_dDXTmfuIjljCne_PRpXy2xGxz_b-2du0_XtFisHN0/edit?usp=sharing
159807,https://docs.google.com/document/d/1m_dDXTmfuIjljCne_PRpXy2xGxz_b-2du0_XtFisHN0/edit?usp=sharing
159810,https://docs.google.com/document/d/1m_dDXTmfuIjljCne_PRpXy2xGxz_b-2du0_XtFisHN0/edit?usp=sharing
159834,https://docs.google.com/document/d/1m_dDXTmfuIjljCne_PRpXy2xGxz_b-2du0_XtFisHN0/edit?usp=sharing
159837,https://docs.google.com/document/d/1m_dDXTmfuIjljCne_PRpXy2xGxz_b-2du0_XtFisHN0/edit?usp=sharing
159875,https://docs.google.com/document/d/1m_dDXTmfuIjljCne_PRpXy2xGxz_b-2du0_XtFisHN0/edit?usp=sharing
159879,https://docs.google.com/document/d/1m_dDXTmfuIjljCne_PRpXy2xGxz_b-2du0_XtFisHN0/edit?usp=sharing
159880,https://docs.google.com/document/d/1m_dDXTmfuIjljCne_PRpXy2xGxz_b-2du0_XtFisHN0/edit?usp=sharing
159903,https://docs.google.com/document/d/1m_dDXTmfuIjljCne_PRpXy2xGxz_b-2du0_XtFisHN0/edit?usp=sharing
159914,https://docs.google.com/document/d/1m_dDXTmfuIjljCne_PRpXy2xGxz_b-2du0_XtFisHN0/edit?usp=sharing
159923,https://docs.google.com/document/d/1m_dDXTmfuIjljCne_PRpXy2xGxz_b-2du0_XtFisHN0/edit?usp=sharing
159949,https://docs.google.com/document/d/1m_dDXTmfuIjljCne_PRpXy2xGxz_b-2du0_XtFisHN0/edit?usp=sharing
159952,https://docs.google.com/document/d/1m_dDXTmfuIjljCne_PRpXy2xGxz_b-2du0_XtFisHN0/edit?usp=sharing
139799,https://docs.google.com/document/d/1m_dDXTmfuIjljCne_PRpXy2xGxz_b-2du0_XtFisHN0/edit?usp=sharing
159518,https://docs.google.com/document/d/1m_dDXTmfuIjljCne_PRpXy2xGxz_b-2du0_XtFisHN0/edit?usp=sharing
159523,https://docs.google.com/document/d/1m_dDXTmfuIjljCne_PRpXy2xGxz_b-2du0_XtFisHN0/edit?usp=sharing
159529,https://docs.google.com/document/d/1m_dDXTmfuIjljCne_PRpXy2xGxz_b-2du0_XtFisHN0/edit?usp=sharing
159546,https://docs.google.com/document/d/1m_dDXTmfuIjljCne_PRpXy2xGxz_b-2du0_XtFisHN0/edit?usp=sharing
159551,https://docs.google.com/document/d/1m_dDXTmfuIjljCne_PRpXy2xGxz_b-2du0_XtFisHN0/edit?usp=sharing
159560,https://docs.google.com/document/d/1m_dDXTmfuIjljCne_PRpXy2xGxz_b-2du0_XtFisHN0/edit?usp=sharing
159577,https://docs.google.com/document/d/1m_dDXTmfuIjljCne_PRpXy2xGxz_b-2du0_XtFisHN0/edit?usp=sharing
159609,https://docs.google.com/document/d/1m_dDXTmfuIjljCne_PRpXy2xGxz_b-2du0_XtFisHN0/edit?usp=sharing
159617,https://docs.google.com/document/d/1m_dDXTmfuIjljCne_PRpXy2xGxz_b-2du0_XtFisHN0/edit?usp=sharing
159618,https://docs.google.com/document/d/1m_dDXTmfuIjljCne_PRpXy2xGxz_b-2du0_XtFisHN0/edit?usp=sharing
159630,https://docs.google.com/document/d/1m_dDXTmfuIjljCne_PRpXy2xGxz_b-2du0_XtFisHN0/edit?usp=sharing
159631,https://docs.google.com/document/d/1m_dDXTmfuIjljCne_PRpXy2xGxz_b-2du0_XtFisHN0/edit?usp=sharing
159656,https://docs.google.com/document/d/1m_dDXTmfuIjljCne_PRpXy2xGxz_b-2du0_XtFisHN0/edit?usp=sharing
159664,https://docs.google.com/document/d/1m_dDXTmfuIjljCne_PRpXy2xGxz_b-2du0_XtFisHN0/edit?usp=sharing
159699,https://docs.google.com/document/d/1m_dDXTmfuIjljCne_PRpXy2xGxz_b-2du0_XtFisHN0/edit?usp=sharing
159701,https://docs.google.com/document/d/1m_dDXTmfuIjljCne_PRpXy2xGxz_b-2du0_XtFisHN0/edit?usp=sharing
159713,https://docs.google.com/document/d/1m_dDXTmfuIjljCne_PRpXy2xGxz_b-2du0_XtFisHN0/edit?usp=sharing
159714,https://docs.google.com/document/d/1m_dDXTmfuIjljCne_PRpXy2xGxz_b-2du0_XtFisHN0/edit?usp=sharing
159741,https://docs.google.com/document/d/1m_dDXTmfuIjljCne_PRpXy2xGxz_b-2du0_XtFisHN0/edit?usp=sharing
159744,https://docs.google.com/document/d/1m_dDXTmfuIjljCne_PRpXy2xGxz_b-2du0_XtFisHN0/edit?usp=sharing
159745,https://docs.google.com/document/d/1m_dDXTmfuIjljCne_PRpXy2xGxz_b-2du0_XtFisHN0/edit?usp=sharing
159751,https://docs.google.com/document/d/1m_dDXTmfuIjljCne_PRpXy2xGxz_b-2du0_XtFisHN0/edit?usp=sharing
159778,https://docs.google.com/document/d/1m_dDXTmfuIjljCne_PRpXy2xGxz_b-2du0_XtFisHN0/edit?usp=sharing
159781,https://docs.google.com/document/d/1m_dDXTmfuIjljCne_PRpXy2xGxz_b-2du0_XtFisHN0/edit?usp=sharing
589942,https://docs.google.com/document/d/1oVUxTdTrVRdh6vWGL6QFHVu2dG2xWCdTgvUy4pdbLuQ/edit?usp=sharing
589931,https://docs.google.com/document/d/1vPyR8Cs7mLcNAqL2X6D22PqMa_SeyqL-e_M83dP8aLo/edit?usp=sharing
588601,https://docs.google.com/document/d/1vm_xJRErR9Z185l2qnxtEwwKp6lD5aqqIULoOT3S-us/edit?usp=sharing
589926,https://docs.google.com/document/d/1vpqksZBscn_l5bH9sfVHD2RU8x0QOyFTMhrHr-uW6mc/edit?usp=sharing
592078,https://docs.google.com/document/d/1zcPqSCCk-DUPDy2-gKxc2h5qDcCbH-7D/edit
551385,https://docs.google.com/presentation/d/1iMt60W2tnmOcwBEUGkz2JjLxuOLDgZ9hvifUCq1FSE4/edit?usp=sharing
494698,https://docs.google.com/spreadsheet/ccc?key=0AigEt0MPu0f0dGRKbGhySW9hck54WmJjejduSzlFQ3c#gid=0
494699,https://docs.google.com/spreadsheet/ccc?key=0AigEt0MPu0f0dGRKbGhySW9hck54WmJjejduSzlFQ3c#gid=0
495157,https://docs.google.com/spreadsheet/ccc?key=0AigEt0MPu0f0dGRKbGhySW9hck54WmJjejduSzlFQ3c#gid=0
495158,https://docs.google.com/spreadsheet/ccc?key=0AigEt0MPu0f0dGRKbGhySW9hck54WmJjejduSzlFQ3c#gid=0
495159,https://docs.google.com/spreadsheet/ccc?key=0AigEt0MPu0f0dGRKbGhySW9hck54WmJjejduSzlFQ3c#gid=0
495160,https://docs.google.com/spreadsheet/ccc?key=0AigEt0MPu0f0dGRKbGhySW9hck54WmJjejduSzlFQ3c#gid=0
495161,https://docs.google.com/spreadsheet/ccc?key=0AigEt0MPu0f0dGRKbGhySW9hck54WmJjejduSzlFQ3c#gid=0
495162,https://docs.google.com/spreadsheet/ccc?key=0AigEt0MPu0f0dGRKbGhySW9hck54WmJjejduSzlFQ3c#gid=0
495163,https://docs.google.com/spreadsheet/ccc?key=0AigEt0MPu0f0dGRKbGhySW9hck54WmJjejduSzlFQ3c#gid=0
495164,https://docs.google.com/spreadsheet/ccc?key=0AigEt0MPu0f0dGRKbGhySW9hck54WmJjejduSzlFQ3c#gid=0
495165,https://docs.google.com/spreadsheet/ccc?key=0AigEt0MPu0f0dGRKbGhySW9hck54WmJjejduSzlFQ3c#gid=0
495169,https://docs.google.com/spreadsheet/ccc?key=0AigEt0MPu0f0dGRKbGhySW9hck54WmJjejduSzlFQ3c#gid=0
495170,https://docs.google.com/spreadsheet/ccc?key=0AigEt0MPu0f0dGRKbGhySW9hck54WmJjejduSzlFQ3c#gid=0
495171,https://docs.google.com/spreadsheet/ccc?key=0AigEt0MPu0f0dGRKbGhySW9hck54WmJjejduSzlFQ3c#gid=0
495172,https://docs.google.com/spreadsheet/ccc?key=0AigEt0MPu0f0dGRKbGhySW9hck54WmJjejduSzlFQ3c#gid=0
495173,https://docs.google.com/spreadsheet/ccc?key=0AigEt0MPu0f0dGRKbGhySW9hck54WmJjejduSzlFQ3c#gid=0
495174,https://docs.google.com/spreadsheet/ccc?key=0AigEt0MPu0f0dGRKbGhySW9hck54WmJjejduSzlFQ3c#gid=0
495175,https://docs.google.com/spreadsheet/ccc?key=0AigEt0MPu0f0dGRKbGhySW9hck54WmJjejduSzlFQ3c#gid=0
495176,https://docs.google.com/spreadsheet/ccc?key=0AigEt0MPu0f0dGRKbGhySW9hck54WmJjejduSzlFQ3c#gid=0
495177,https://docs.google.com/spreadsheet/ccc?key=0AigEt0MPu0f0dGRKbGhySW9hck54WmJjejduSzlFQ3c#gid=0
494697,https://docs.google.com/spreadsheet/ccc?key=0AigEt0MPu0f0dGRKbGhySW9hck54WmJjejduSzlFQ3c#gid=0
494696,https://docs.google.com/spreadsheet/ccc?key=0AigEt0MPu0f0dGRKbGhySW9hck54WmJjejduSzlFQ3c#gid=0
494695,https://docs.google.com/spreadsheet/ccc?key=0AigEt0MPu0f0dGRKbGhySW9hck54WmJjejduSzlFQ3c#gid=0
494694,https://docs.google.com/spreadsheet/ccc?key=0AigEt0MPu0f0dGRKbGhySW9hck54WmJjejduSzlFQ3c#gid=0
494693,https://docs.google.com/spreadsheet/ccc?key=0AigEt0MPu0f0dGRKbGhySW9hck54WmJjejduSzlFQ3c#gid=0
494691,https://docs.google.com/spreadsheet/ccc?key=0AigEt0MPu0f0dGRKbGhySW9hck54WmJjejduSzlFQ3c#gid=0
494692,https://docs.google.com/spreadsheet/ccc?key=0AigEt0MPu0f0dGRKbGhySW9hck54WmJjejduSzlFQ3c#gid=0
529193,"https://docs.google.com/spreadsheets/d/12wI15kQAuUmAyUgNTYDJS_MrsSASt4yuKL2ElBglb-g/edit?usp=sharing
"
529194,"https://docs.google.com/spreadsheets/d/12wI15kQAuUmAyUgNTYDJS_MrsSASt4yuKL2ElBglb-g/edit?usp=sharing
"
529195,"https://docs.google.com/spreadsheets/d/12wI15kQAuUmAyUgNTYDJS_MrsSASt4yuKL2ElBglb-g/edit?usp=sharing
"
529209,https://docs.google.com/spreadsheets/d/12wI15kQAuUmAyUgNTYDJS_MrsSASt4yuKL2ElBglb-g/edit?usp=sharing 
529210,https://docs.google.com/spreadsheets/d/12wI15kQAuUmAyUgNTYDJS_MrsSASt4yuKL2ElBglb-g/edit?usp=sharing 
529211,https://docs.google.com/spreadsheets/d/12wI15kQAuUmAyUgNTYDJS_MrsSASt4yuKL2ElBglb-g/edit?usp=sharing 
529212,https://docs.google.com/spreadsheets/d/12wI15kQAuUmAyUgNTYDJS_MrsSASt4yuKL2ElBglb-g/edit?usp=sharing 
529213,https://docs.google.com/spreadsheets/d/12wI15kQAuUmAyUgNTYDJS_MrsSASt4yuKL2ElBglb-g/edit?usp=sharing 
529214,https://docs.google.com/spreadsheets/d/12wI15kQAuUmAyUgNTYDJS_MrsSASt4yuKL2ElBglb-g/edit?usp=sharing 
529215,https://docs.google.com/spreadsheets/d/12wI15kQAuUmAyUgNTYDJS_MrsSASt4yuKL2ElBglb-g/edit?usp=sharing 
529216,https://docs.google.com/spreadsheets/d/12wI15kQAuUmAyUgNTYDJS_MrsSASt4yuKL2ElBglb-g/edit?usp=sharing 
529217,https://docs.google.com/spreadsheets/d/12wI15kQAuUmAyUgNTYDJS_MrsSASt4yuKL2ElBglb-g/edit?usp=sharing 
529218,https://docs.google.com/spreadsheets/d/12wI15kQAuUmAyUgNTYDJS_MrsSASt4yuKL2ElBglb-g/edit?usp=sharing 
529219,https://docs.google.com/spreadsheets/d/12wI15kQAuUmAyUgNTYDJS_MrsSASt4yuKL2ElBglb-g/edit?usp=sharing 
529220,https://docs.google.com/spreadsheets/d/12wI15kQAuUmAyUgNTYDJS_MrsSASt4yuKL2ElBglb-g/edit?usp=sharing 
529221,https://docs.google.com/spreadsheets/d/12wI15kQAuUmAyUgNTYDJS_MrsSASt4yuKL2ElBglb-g/edit?usp=sharing 
529222,https://docs.google.com/spreadsheets/d/12wI15kQAuUmAyUgNTYDJS_MrsSASt4yuKL2ElBglb-g/edit?usp=sharing 
529223,https://docs.google.com/spreadsheets/d/12wI15kQAuUmAyUgNTYDJS_MrsSASt4yuKL2ElBglb-g/edit?usp=sharing 
529224,https://docs.google.com/spreadsheets/d/12wI15kQAuUmAyUgNTYDJS_MrsSASt4yuKL2ElBglb-g/edit?usp=sharing 
529225,https://docs.google.com/spreadsheets/d/12wI15kQAuUmAyUgNTYDJS_MrsSASt4yuKL2ElBglb-g/edit?usp=sharing 
529226,https://docs.google.com/spreadsheets/d/12wI15kQAuUmAyUgNTYDJS_MrsSASt4yuKL2ElBglb-g/edit?usp=sharing 
529227,https://docs.google.com/spreadsheets/d/12wI15kQAuUmAyUgNTYDJS_MrsSASt4yuKL2ElBglb-g/edit?usp=sharing 
529228,https://docs.google.com/spreadsheets/d/12wI15kQAuUmAyUgNTYDJS_MrsSASt4yuKL2ElBglb-g/edit?usp=sharing 
529196,https://docs.google.com/spreadsheets/d/12wI15kQAuUmAyUgNTYDJS_MrsSASt4yuKL2ElBglb-g/edit?usp=sharing 
529197,https://docs.google.com/spreadsheets/d/12wI15kQAuUmAyUgNTYDJS_MrsSASt4yuKL2ElBglb-g/edit?usp=sharing 
529198,https://docs.google.com/spreadsheets/d/12wI15kQAuUmAyUgNTYDJS_MrsSASt4yuKL2ElBglb-g/edit?usp=sharing 
529199,https://docs.google.com/spreadsheets/d/12wI15kQAuUmAyUgNTYDJS_MrsSASt4yuKL2ElBglb-g/edit?usp=sharing 
529200,https://docs.google.com/spreadsheets/d/12wI15kQAuUmAyUgNTYDJS_MrsSASt4yuKL2ElBglb-g/edit?usp=sharing 
529201,https://docs.google.com/spreadsheets/d/12wI15kQAuUmAyUgNTYDJS_MrsSASt4yuKL2ElBglb-g/edit?usp=sharing 
529202,https://docs.google.com/spreadsheets/d/12wI15kQAuUmAyUgNTYDJS_MrsSASt4yuKL2ElBglb-g/edit?usp=sharing 
529203,https://docs.google.com/spreadsheets/d/12wI15kQAuUmAyUgNTYDJS_MrsSASt4yuKL2ElBglb-g/edit?usp=sharing 
529204,https://docs.google.com/spreadsheets/d/12wI15kQAuUmAyUgNTYDJS_MrsSASt4yuKL2ElBglb-g/edit?usp=sharing 
529205,https://docs.google.com/spreadsheets/d/12wI15kQAuUmAyUgNTYDJS_MrsSASt4yuKL2ElBglb-g/edit?usp=sharing 
529206,https://docs.google.com/spreadsheets/d/12wI15kQAuUmAyUgNTYDJS_MrsSASt4yuKL2ElBglb-g/edit?usp=sharing 
529207,https://docs.google.com/spreadsheets/d/12wI15kQAuUmAyUgNTYDJS_MrsSASt4yuKL2ElBglb-g/edit?usp=sharing 
529208,https://docs.google.com/spreadsheets/d/12wI15kQAuUmAyUgNTYDJS_MrsSASt4yuKL2ElBglb-g/edit?usp=sharing 
532775,https://docs.google.com/spreadsheets/d/1_NoI1rL3EyeJAzvOGRYgMFmqvUdDL9Owk52WODXHFWI/edit?usp=sharing
532818,https://docs.google.com/spreadsheets/d/1_NoI1rL3EyeJAzvOGRYgMFmqvUdDL9Owk52WODXHFWI/edit?usp=sharing
532778,https://docs.google.com/spreadsheets/d/1_NoI1rL3EyeJAzvOGRYgMFmqvUdDL9Owk52WODXHFWI/edit?usp=sharing
532779,https://docs.google.com/spreadsheets/d/1_NoI1rL3EyeJAzvOGRYgMFmqvUdDL9Owk52WODXHFWI/edit?usp=sharing
532780,https://docs.google.com/spreadsheets/d/1_NoI1rL3EyeJAzvOGRYgMFmqvUdDL9Owk52WODXHFWI/edit?usp=sharing
532783,https://docs.google.com/spreadsheets/d/1_NoI1rL3EyeJAzvOGRYgMFmqvUdDL9Owk52WODXHFWI/edit?usp=sharing
532784,https://docs.google.com/spreadsheets/d/1_NoI1rL3EyeJAzvOGRYgMFmqvUdDL9Owk52WODXHFWI/edit?usp=sharing
532785,https://docs.google.com/spreadsheets/d/1_NoI1rL3EyeJAzvOGRYgMFmqvUdDL9Owk52WODXHFWI/edit?usp=sharing
532786,https://docs.google.com/spreadsheets/d/1_NoI1rL3EyeJAzvOGRYgMFmqvUdDL9Owk52WODXHFWI/edit?usp=sharing
532787,https://docs.google.com/spreadsheets/d/1_NoI1rL3EyeJAzvOGRYgMFmqvUdDL9Owk52WODXHFWI/edit?usp=sharing
532788,https://docs.google.com/spreadsheets/d/1_NoI1rL3EyeJAzvOGRYgMFmqvUdDL9Owk52WODXHFWI/edit?usp=sharing
532789,https://docs.google.com/spreadsheets/d/1_NoI1rL3EyeJAzvOGRYgMFmqvUdDL9Owk52WODXHFWI/edit?usp=sharing
532790,https://docs.google.com/spreadsheets/d/1_NoI1rL3EyeJAzvOGRYgMFmqvUdDL9Owk52WODXHFWI/edit?usp=sharing
532791,https://docs.google.com/spreadsheets/d/1_NoI1rL3EyeJAzvOGRYgMFmqvUdDL9Owk52WODXHFWI/edit?usp=sharing
532792,https://docs.google.com/spreadsheets/d/1_NoI1rL3EyeJAzvOGRYgMFmqvUdDL9Owk52WODXHFWI/edit?usp=sharing
532793,https://docs.google.com/spreadsheets/d/1_NoI1rL3EyeJAzvOGRYgMFmqvUdDL9Owk52WODXHFWI/edit?usp=sharing
532794,https://docs.google.com/spreadsheets/d/1_NoI1rL3EyeJAzvOGRYgMFmqvUdDL9Owk52WODXHFWI/edit?usp=sharing
532796,https://docs.google.com/spreadsheets/d/1_NoI1rL3EyeJAzvOGRYgMFmqvUdDL9Owk52WODXHFWI/edit?usp=sharing
532797,https://docs.google.com/spreadsheets/d/1_NoI1rL3EyeJAzvOGRYgMFmqvUdDL9Owk52WODXHFWI/edit?usp=sharing
532798,https://docs.google.com/spreadsheets/d/1_NoI1rL3EyeJAzvOGRYgMFmqvUdDL9Owk52WODXHFWI/edit?usp=sharing
532799,https://docs.google.com/spreadsheets/d/1_NoI1rL3EyeJAzvOGRYgMFmqvUdDL9Owk52WODXHFWI/edit?usp=sharing
532801,https://docs.google.com/spreadsheets/d/1_NoI1rL3EyeJAzvOGRYgMFmqvUdDL9Owk52WODXHFWI/edit?usp=sharing
532802,https://docs.google.com/spreadsheets/d/1_NoI1rL3EyeJAzvOGRYgMFmqvUdDL9Owk52WODXHFWI/edit?usp=sharing
532803,https://docs.google.com/spreadsheets/d/1_NoI1rL3EyeJAzvOGRYgMFmqvUdDL9Owk52WODXHFWI/edit?usp=sharing
532804,https://docs.google.com/spreadsheets/d/1_NoI1rL3EyeJAzvOGRYgMFmqvUdDL9Owk52WODXHFWI/edit?usp=sharing
532805,https://docs.google.com/spreadsheets/d/1_NoI1rL3EyeJAzvOGRYgMFmqvUdDL9Owk52WODXHFWI/edit?usp=sharing
532807,https://docs.google.com/spreadsheets/d/1_NoI1rL3EyeJAzvOGRYgMFmqvUdDL9Owk52WODXHFWI/edit?usp=sharing
532809,https://docs.google.com/spreadsheets/d/1_NoI1rL3EyeJAzvOGRYgMFmqvUdDL9Owk52WODXHFWI/edit?usp=sharing
532810,https://docs.google.com/spreadsheets/d/1_NoI1rL3EyeJAzvOGRYgMFmqvUdDL9Owk52WODXHFWI/edit?usp=sharing
532814,https://docs.google.com/spreadsheets/d/1_NoI1rL3EyeJAzvOGRYgMFmqvUdDL9Owk52WODXHFWI/edit?usp=sharing
532815,https://docs.google.com/spreadsheets/d/1_NoI1rL3EyeJAzvOGRYgMFmqvUdDL9Owk52WODXHFWI/edit?usp=sharing
532816,https://docs.google.com/spreadsheets/d/1_NoI1rL3EyeJAzvOGRYgMFmqvUdDL9Owk52WODXHFWI/edit?usp=sharing
532817,https://docs.google.com/spreadsheets/d/1_NoI1rL3EyeJAzvOGRYgMFmqvUdDL9Owk52WODXHFWI/edit?usp=sharing
532776,https://docs.google.com/spreadsheets/d/1_NoI1rL3EyeJAzvOGRYgMFmqvUdDL9Owk52WODXHFWI/edit?usp=sharing
503772,https://drive.google.com/file/d/0BxYVgFrwK9yiNThKODlpeTI3eFU/edit?usp=sharing
503772,https://drive.google.com/file/d/0BxYVgFrwK9yiNThKODlpeTI3eFU/edit?usp=sharing
594350,https://drive.google.com/file/d/1FBi-07IBzYQ0BOhgH0R0OJlZWkKEQmt7/view?usp=sharing
594175,https://drive.google.com/file/d/1JHqc7qXKh02VLji3u7EIstEOMtL2LGvs/view?usp=sharing
595212,https://drive.google.com/file/d/1gHU4V7aQmy0ALS8pyGYo1mbQvj8Pu5kt/view?usp=sharing
594853,https://drive.google.com/file/d/1hOxsyH9IWkmRHQTzw9XRt2gG8q8jReb5/view?usp=sharing
595244,https://drive.google.com/file/d/1idlcM0pMCfLqxBYZFO3tPwc8PKUJ6FXh/view?usp=sharing
592183,https://drive.google.com/file/d/1lfUxxesEdaFEKL2QRR_KW2aO-ONXuGp8/view?usp=sharing
592211,https://drive.google.com/file/d/1z4xLnNyfauUvaM5IVefr8Eytr9ZwZCiN/view?usp=sharing
554450,https://forio.com/simulate/jdarkow/logistic-growth-darkow-v2/simulation/#
554449,https://forio.com/simulate/jdarkow/logistic-growth-darkow-v2/simulation/#
552310,https://glmeducation.com/wp-content/uploads/edison-equations/mp.college-roi/A-equals-P-multby-1-plus-r-divby-n-multby-n-multby-t.png
528561,https://https://labs.edynamiclearning.com/edl012_6599/04.html
537998,https://images.northwestern.edu/catalog?f[institutional_collection_title_facet][]=World+War+II+Poster+Collection+at+Northwestern+University+Library
572531,https://interestingengineering.com/how-the-first-and-second-industrial-revolutions-changed-our-world
527613,https://labs.edynamiclearning.com/edl001_6043/01.html
527614,https://labs.edynamiclearning.com/edl001_6043/02.html
527615,https://labs.edynamiclearning.com/edl001_6043/03.html
527322,https://labs.edynamiclearning.com/edl001_6043/04.html
527323,https://labs.edynamiclearning.com/edl001_6043/05.html
527324,https://labs.edynamiclearning.com/edl001_6043/06.html
527325,https://labs.edynamiclearning.com/edl001_6043/07.html
527326,https://labs.edynamiclearning.com/edl001_6043/08.html
527278,https://labs.edynamiclearning.com/edl002_1760/01.html
527270,https://labs.edynamiclearning.com/edl002_1760/01.html
527271,https://labs.edynamiclearning.com/edl002_1760/02.html
527279,https://labs.edynamiclearning.com/edl002_1760/02.html
527280,https://labs.edynamiclearning.com/edl002_1760/03.html
527272,https://labs.edynamiclearning.com/edl002_1760/03.html
527273,https://labs.edynamiclearning.com/edl002_1760/04.html
527281,https://labs.edynamiclearning.com/edl002_1760/04.html
527274,https://labs.edynamiclearning.com/edl002_1760/05.html
527282,https://labs.edynamiclearning.com/edl002_1760/05.html
527275,https://labs.edynamiclearning.com/edl002_1760/06.html
527283,https://labs.edynamiclearning.com/edl002_1760/06.html
527284,https://labs.edynamiclearning.com/edl002_1760/07.html
527276,https://labs.edynamiclearning.com/edl002_1760/07.html
527285,https://labs.edynamiclearning.com/edl002_1760/08.html
527277,https://labs.edynamiclearning.com/edl002_1760/08.html
527521,https://labs.edynamiclearning.com/edl003_7594/01-17.html
527522,https://labs.edynamiclearning.com/edl003_7594/02.html
527523,https://labs.edynamiclearning.com/edl003_7594/03-17.html
527524,https://labs.edynamiclearning.com/edl003_7594/04.html
527525,https://labs.edynamiclearning.com/edl003_7594/05-17.html
527526,https://labs.edynamiclearning.com/edl003_7594/06-17.html
527527,https://labs.edynamiclearning.com/edl003_7594/07-17.html
527649,https://labs.edynamiclearning.com/edl003_7594/08-17.html
526147,https://labs.edynamiclearning.com/edl004_9927/01.html
527464,https://labs.edynamiclearning.com/edl004_9927/01.html
527465,https://labs.edynamiclearning.com/edl004_9927/02-17.html
526160,https://labs.edynamiclearning.com/edl004_9927/02-17.html
526172,https://labs.edynamiclearning.com/edl004_9927/03.html
527466,https://labs.edynamiclearning.com/edl004_9927/03.html
526176,https://labs.edynamiclearning.com/edl004_9927/04-17.html
527467,https://labs.edynamiclearning.com/edl004_9927/04-17.html
527468,https://labs.edynamiclearning.com/edl004_9927/05.html
526186,https://labs.edynamiclearning.com/edl004_9927/05.html
526189,https://labs.edynamiclearning.com/edl004_9927/06.html
527469,https://labs.edynamiclearning.com/edl004_9927/06.html
526190,https://labs.edynamiclearning.com/edl004_9927/07-17.html
527470,https://labs.edynamiclearning.com/edl004_9927/07-17.html
526191,https://labs.edynamiclearning.com/edl004_9927/08-17.html
527471,https://labs.edynamiclearning.com/edl004_9927/08-17.html
527327,https://labs.edynamiclearning.com/edl005_7835/01.html
527328,https://labs.edynamiclearning.com/edl005_7835/02.html
527329,https://labs.edynamiclearning.com/edl005_7835/03.html
527330,https://labs.edynamiclearning.com/edl005_7835/04.html
527331,https://labs.edynamiclearning.com/edl005_7835/05.html
527267,https://labs.edynamiclearning.com/edl005_7835/06.html
527268,https://labs.edynamiclearning.com/edl005_7835/07.html
527269,https://labs.edynamiclearning.com/edl005_7835/08.html
527286,https://labs.edynamiclearning.com/edl006_2759/01.html
527294,https://labs.edynamiclearning.com/edl006_2759/01.html
527287,https://labs.edynamiclearning.com/edl006_2759/02.html
527295,https://labs.edynamiclearning.com/edl006_2759/02.html
527296,https://labs.edynamiclearning.com/edl006_2759/03.html
527288,https://labs.edynamiclearning.com/edl006_2759/03.html
527297,https://labs.edynamiclearning.com/edl006_2759/04.html
527289,https://labs.edynamiclearning.com/edl006_2759/04.html
527290,https://labs.edynamiclearning.com/edl006_2759/05.html
527298,https://labs.edynamiclearning.com/edl006_2759/05.html
527299,https://labs.edynamiclearning.com/edl006_2759/06.html
527291,https://labs.edynamiclearning.com/edl006_2759/06.html
527300,https://labs.edynamiclearning.com/edl006_2759/07.html
527292,https://labs.edynamiclearning.com/edl006_2759/07.html
527293,https://labs.edynamiclearning.com/edl006_2759/08.html
527301,https://labs.edynamiclearning.com/edl006_2759/08.html
527733,https://labs.edynamiclearning.com/edl008_2707/01.html
527734,https://labs.edynamiclearning.com/edl008_2707/02.html
527735,https://labs.edynamiclearning.com/edl008_2707/03.html
527768,https://labs.edynamiclearning.com/edl008_2707/04.html
527769,https://labs.edynamiclearning.com/edl008_2707/05.html
527770,https://labs.edynamiclearning.com/edl008_2707/06.html
527771,https://labs.edynamiclearning.com/edl008_2707/07.html
527772,https://labs.edynamiclearning.com/edl008_2707/08.html
527696,https://labs.edynamiclearning.com/edl009_3279/01.html
527697,https://labs.edynamiclearning.com/edl009_3279/02.html
527698,https://labs.edynamiclearning.com/edl009_3279/03.html
527699,https://labs.edynamiclearning.com/edl009_3279/04.html
527700,https://labs.edynamiclearning.com/edl009_3279/05.html
527701,https://labs.edynamiclearning.com/edl009_3279/06.html
527702,https://labs.edynamiclearning.com/edl009_3279/07.html
527818,https://labs.edynamiclearning.com/edl009_3279/08.html
527897,https://labs.edynamiclearning.com/edl011_6988/01.html
527935,https://labs.edynamiclearning.com/edl011_6988/01.html
527898,https://labs.edynamiclearning.com/edl011_6988/02.html
527936,https://labs.edynamiclearning.com/edl011_6988/02.html
527937,https://labs.edynamiclearning.com/edl011_6988/03.html
527899,https://labs.edynamiclearning.com/edl011_6988/03.html
527930,https://labs.edynamiclearning.com/edl011_6988/04.html
527938,https://labs.edynamiclearning.com/edl011_6988/04.html
527931,https://labs.edynamiclearning.com/edl011_6988/05.html
527939,https://labs.edynamiclearning.com/edl011_6988/05.html
527932,https://labs.edynamiclearning.com/edl011_6988/06.html
527974,https://labs.edynamiclearning.com/edl011_6988/06.html
527933,https://labs.edynamiclearning.com/edl011_6988/07.html
527975,https://labs.edynamiclearning.com/edl011_6988/07.html
527976,https://labs.edynamiclearning.com/edl011_6988/08.html
527934,https://labs.edynamiclearning.com/edl011_6988/08.html
528558,https://labs.edynamiclearning.com/edl012_6599/01.html
528559,https://labs.edynamiclearning.com/edl012_6599/02.html
528560,https://labs.edynamiclearning.com/edl012_6599/03.html
528561,https://labs.edynamiclearning.com/edl012_6599/04.html
528562,https://labs.edynamiclearning.com/edl012_6599/05.html
528563,https://labs.edynamiclearning.com/edl012_6599/06.html
528564,https://labs.edynamiclearning.com/edl012_6599/07.html
528565,https://labs.edynamiclearning.com/edl012_6599/08.html
551672,https://labs.edynamiclearning.com/edl013_6375/unit/01/Lesson03.html
551673,https://labs.edynamiclearning.com/edl013_6375/unit/01/Lesson04.html
527650,https://labs.edynamiclearning.com/edl013_6375/unit/02/Lesson03.html
527778,https://labs.edynamiclearning.com/edl013_6375/unit/02/Lesson04.html
527651,https://labs.edynamiclearning.com/edl013_6375/unit/03/Lesson03.html
527779,https://labs.edynamiclearning.com/edl013_6375/unit/03/Lesson04.html
527780,https://labs.edynamiclearning.com/edl013_6375/unit/04/Lesson03.html
527652,https://labs.edynamiclearning.com/edl013_6375/unit/04/Lesson04.html
527653,https://labs.edynamiclearning.com/edl013_6375/unit/05/Lesson03.html
527781,https://labs.edynamiclearning.com/edl013_6375/unit/05/Lesson04.html
527654,https://labs.edynamiclearning.com/edl013_6375/unit/06/Lesson03.html
527782,https://labs.edynamiclearning.com/edl013_6375/unit/06/Lesson04.html
527783,https://labs.edynamiclearning.com/edl013_6375/unit/07/Lesson03.html
527655,https://labs.edynamiclearning.com/edl013_6375/unit/07/Lesson04.html
527656,https://labs.edynamiclearning.com/edl013_6375/unit/08/Lesson03.html
527784,https://labs.edynamiclearning.com/edl013_6375/unit/08/Lesson04.html
527785,https://labs.edynamiclearning.com/edl013_6375/unit/09/Lesson03.html
527657,https://labs.edynamiclearning.com/edl013_6375/unit/09/Lesson04.html
527658,https://labs.edynamiclearning.com/edl013_6375/unit/10/Lesson03.html
527786,https://labs.edynamiclearning.com/edl013_6375/unit/10/Lesson04.html
527941,https://labs.edynamiclearning.com/edl014_9342/01.html
527819,https://labs.edynamiclearning.com/edl014_9342/01.html
527820,https://labs.edynamiclearning.com/edl014_9342/02.html
527942,https://labs.edynamiclearning.com/edl014_9342/02.html
527943,https://labs.edynamiclearning.com/edl014_9342/03.html
527821,https://labs.edynamiclearning.com/edl014_9342/03.html
527944,https://labs.edynamiclearning.com/edl014_9342/04.html
527822,https://labs.edynamiclearning.com/edl014_9342/04.html
527945,https://labs.edynamiclearning.com/edl014_9342/05.html
527823,https://labs.edynamiclearning.com/edl014_9342/05.html
527824,https://labs.edynamiclearning.com/edl014_9342/06.html
527946,https://labs.edynamiclearning.com/edl014_9342/06.html
527825,https://labs.edynamiclearning.com/edl014_9342/07.html
527947,https://labs.edynamiclearning.com/edl014_9342/07.html
527948,https://labs.edynamiclearning.com/edl014_9342/08.html
527826,https://labs.edynamiclearning.com/edl014_9342/08.html
527827,https://labs.edynamiclearning.com/edl014_9342/09-17.html
527940,https://labs.edynamiclearning.com/edl014_9342/10-17.html
527978,https://labs.edynamiclearning.com/edl015_1077/unit/02/Study_questions.html
527979,https://labs.edynamiclearning.com/edl015_1077/unit/03/Study_questions.html
527980,https://labs.edynamiclearning.com/edl015_1077/unit/04/Study_questions.html
527982,https://labs.edynamiclearning.com/edl015_1077/unit/06/Study_questions.html
527981,https://labs.edynamiclearning.com/edl015_1077/unit/07/Study_questions.html
527977,https://labs.edynamiclearning.com/edl015_1077/unit/08/Study_questions.html
527567,https://labs.edynamiclearning.com/edl016_2150/01.html
527568,https://labs.edynamiclearning.com/edl016_2150/02.html
527569,https://labs.edynamiclearning.com/edl016_2150/03.html
527570,https://labs.edynamiclearning.com/edl016_2150/04.html
527571,https://labs.edynamiclearning.com/edl016_2150/05.html
527736,https://labs.edynamiclearning.com/edl016_2150/06.html
527737,https://labs.edynamiclearning.com/edl016_2150/07.html
527738,https://labs.edynamiclearning.com/edl016_2150/08.html
527739,https://labs.edynamiclearning.com/edl018_2279/01.html
527740,https://labs.edynamiclearning.com/edl018_2279/02.html
527741,https://labs.edynamiclearning.com/edl018_2279/03.html
527742,https://labs.edynamiclearning.com/edl018_2279/04.html
527743,https://labs.edynamiclearning.com/edl018_2279/05.html
527744,https://labs.edynamiclearning.com/edl018_2279/06.html
527745,https://labs.edynamiclearning.com/edl018_2279/07.html
527693,https://labs.edynamiclearning.com/edl018_2279/08.html
527694,https://labs.edynamiclearning.com/edl018_2279/09.html
527695,https://labs.edynamiclearning.com/edl018_2279/10.html
527472,https://labs.edynamiclearning.com/edl021_5550/01.html
527473,https://labs.edynamiclearning.com/edl021_5550/02.html
527508,https://labs.edynamiclearning.com/edl021_5550/03.html
527509,https://labs.edynamiclearning.com/edl021_5550/04.html
527510,https://labs.edynamiclearning.com/edl021_5550/05.html
527511,https://labs.edynamiclearning.com/edl021_5550/06.html
527512,https://labs.edynamiclearning.com/edl021_5550/07.html
527513,https://labs.edynamiclearning.com/edl021_5550/08.html
527787,https://labs.edynamiclearning.com/edl023_8901/01.html
527900,https://labs.edynamiclearning.com/edl023_8901/02.html
527901,https://labs.edynamiclearning.com/edl023_8901/03.html
527902,https://labs.edynamiclearning.com/edl023_8901/04.html
527903,https://labs.edynamiclearning.com/edl023_8901/05.html
527904,https://labs.edynamiclearning.com/edl023_8901/06.html
527905,https://labs.edynamiclearning.com/edl023_8901/07.html
527906,https://labs.edynamiclearning.com/edl023_8901/08.html
527312,https://labs.edynamiclearning.com/edl024_6457/01.html
527313,https://labs.edynamiclearning.com/edl024_6457/02.html
527314,https://labs.edynamiclearning.com/edl024_6457/03.html
527315,https://labs.edynamiclearning.com/edl024_6457/04.html
527316,https://labs.edynamiclearning.com/edl024_6457/05.html
527317,https://labs.edynamiclearning.com/edl024_6457/06.html
527318,https://labs.edynamiclearning.com/edl024_6457/07-17.html
527319,https://labs.edynamiclearning.com/edl024_6457/08.html
527320,https://labs.edynamiclearning.com/edl024_6457/09.html
527321,https://labs.edynamiclearning.com/edl024_6457/10.html
527481,https://labs.edynamiclearning.com/edl025_5301/01.html
527482,https://labs.edynamiclearning.com/edl025_5301/02.html
527483,https://labs.edynamiclearning.com/edl025_5301/03.html
527859,https://labs.edynamiclearning.com/edl025_5301/04.html
527860,https://labs.edynamiclearning.com/edl025_5301/05.html
527861,https://labs.edynamiclearning.com/edl025_5301/06.html
527862,https://labs.edynamiclearning.com/edl025_5301/07.html
527863,https://labs.edynamiclearning.com/edl025_5301/08.html
527907,https://labs.edynamiclearning.com/edl026_4016/01.html
527908,https://labs.edynamiclearning.com/edl026_4016/02.html
527909,https://labs.edynamiclearning.com/edl026_4016/03.html
527562,https://labs.edynamiclearning.com/edl026_4016/04.html
527563,https://labs.edynamiclearning.com/edl026_4016/05.html
527564,https://labs.edynamiclearning.com/edl026_4016/06.html
527565,https://labs.edynamiclearning.com/edl026_4016/07.html
527566,https://labs.edynamiclearning.com/edl026_4016/08.html
527439,https://labs.edynamiclearning.com/edl027_8860/01.html
527474,https://labs.edynamiclearning.com/edl027_8860/02.html
527475,https://labs.edynamiclearning.com/edl027_8860/03.html
527476,https://labs.edynamiclearning.com/edl027_8860/04.html
527477,https://labs.edynamiclearning.com/edl027_8860/05.html
527478,https://labs.edynamiclearning.com/edl027_8860/06.html
527479,https://labs.edynamiclearning.com/edl027_8860/07.html
527480,https://labs.edynamiclearning.com/edl027_8860/08.html
527514,https://labs.edynamiclearning.com/edl028_1821/01.html
527515,https://labs.edynamiclearning.com/edl028_1821/02.html
527516,https://labs.edynamiclearning.com/edl028_1821/03.html
527517,https://labs.edynamiclearning.com/edl028_1821/04.html
527552,https://labs.edynamiclearning.com/edl028_1821/05.html
527553,https://labs.edynamiclearning.com/edl028_1821/06.html
527554,https://labs.edynamiclearning.com/edl028_1821/07.html
527555,https://labs.edynamiclearning.com/edl028_1821/08.html
527983,https://labs.edynamiclearning.com/edl029_2943/01.html
527353,https://labs.edynamiclearning.com/edl029_2943/01.html
527344,https://labs.edynamiclearning.com/edl029_2943/02.html
527386,https://labs.edynamiclearning.com/edl029_2943/02.html
527387,https://labs.edynamiclearning.com/edl029_2943/03.html
527345,https://labs.edynamiclearning.com/edl029_2943/03.html
527346,https://labs.edynamiclearning.com/edl029_2943/04.html
527388,https://labs.edynamiclearning.com/edl029_2943/04.html
527347,https://labs.edynamiclearning.com/edl029_2943/05.html
527389,https://labs.edynamiclearning.com/edl029_2943/05.html
527390,https://labs.edynamiclearning.com/edl029_2943/06.html
527348,https://labs.edynamiclearning.com/edl029_2943/06.html
527349,https://labs.edynamiclearning.com/edl029_2943/07.html
527391,https://labs.edynamiclearning.com/edl029_2943/07.html
527350,https://labs.edynamiclearning.com/edl029_2943/08.html
527392,https://labs.edynamiclearning.com/edl029_2943/08.html
527351,https://labs.edynamiclearning.com/edl029_2943/09.html
527393,https://labs.edynamiclearning.com/edl029_2943/09.html
527352,https://labs.edynamiclearning.com/edl029_2943/10.html
527394,https://labs.edynamiclearning.com/edl029_2943/10.html
527602,https://labs.edynamiclearning.com/edl030_6780/01.html
527603,https://labs.edynamiclearning.com/edl030_6780/02.html
527604,https://labs.edynamiclearning.com/edl030_6780/03.html
527605,https://labs.edynamiclearning.com/edl030_6780/04.html
527639,https://labs.edynamiclearning.com/edl030_6780/05.html
527640,https://labs.edynamiclearning.com/edl030_6780/06.html
527641,https://labs.edynamiclearning.com/edl030_6780/07.html
527642,https://labs.edynamiclearning.com/edl030_6780/08.html
527233,https://labs.edynamiclearning.com/edl031_8902/unit/03/Project_1.html
526041,https://labs.edynamiclearning.com/edl034_3313/01.html
526054,https://labs.edynamiclearning.com/edl034_3313/02.html
526058,https://labs.edynamiclearning.com/edl034_3313/03.html
526069,https://labs.edynamiclearning.com/edl034_3313/04.html
526073,https://labs.edynamiclearning.com/edl034_3313/05.html
526089,https://labs.edynamiclearning.com/edl034_3313/06.html
526096,https://labs.edynamiclearning.com/edl034_3313/07.html
526103,https://labs.edynamiclearning.com/edl034_3313/08.html
526110,https://labs.edynamiclearning.com/edl034_3313/09.html
526146,https://labs.edynamiclearning.com/edl034_3313/10.html
527773,https://labs.edynamiclearning.com/edl035_5720/01.html
527774,https://labs.edynamiclearning.com/edl035_5720/02.html
527775,https://labs.edynamiclearning.com/edl035_5720/03.html
527776,https://labs.edynamiclearning.com/edl035_5720/04.html
527777,https://labs.edynamiclearning.com/edl035_5720/05.html
527808,https://labs.edynamiclearning.com/edl035_5720/06.html
527809,https://labs.edynamiclearning.com/edl035_5720/07.html
527810,https://labs.edynamiclearning.com/edl035_5720/08.html
527811,https://labs.edynamiclearning.com/edl035_5720/09.html
527812,https://labs.edynamiclearning.com/edl035_5720/10.html
527813,https://labs.edynamiclearning.com/edl035_5720/11.html
527814,https://labs.edynamiclearning.com/edl035_5720/12.html
527145,https://labs.edynamiclearning.com/edl035_5720/unit/03/Assignment.html
527146,https://labs.edynamiclearning.com/edl035_5720/unit/04/Assignment.html
527147,https://labs.edynamiclearning.com/edl035_5720/unit/06/Assignment.html
527148,https://labs.edynamiclearning.com/edl035_5720/unit/07/Assignment.html
527149,https://labs.edynamiclearning.com/edl035_5720/unit/10/Assignment.html
527150,https://labs.edynamiclearning.com/edl035_5720/unit/11/Assignment.html
527151,https://labs.edynamiclearning.com/edl035_5720/unit/12/Assignment.html
527395,https://labs.edynamiclearning.com/edl036_7812/01.html
527430,https://labs.edynamiclearning.com/edl036_7812/02.html
527431,https://labs.edynamiclearning.com/edl036_7812/03.html
527432,https://labs.edynamiclearning.com/edl036_7812/04.html
527433,https://labs.edynamiclearning.com/edl036_7812/05.html
527434,https://labs.edynamiclearning.com/edl036_7812/06.html
527435,https://labs.edynamiclearning.com/edl036_7812/07.html
527436,https://labs.edynamiclearning.com/edl036_7812/08.html
527437,https://labs.edynamiclearning.com/edl036_7812/09.html
527438,https://labs.edynamiclearning.com/edl036_7812/10.html
526048,https://labs.edynamiclearning.com/edl038_9086/01.html
526063,https://labs.edynamiclearning.com/edl038_9086/02.html
526077,https://labs.edynamiclearning.com/edl038_9086/03-17.html
526094,https://labs.edynamiclearning.com/edl038_9086/04-17.html
526104,https://labs.edynamiclearning.com/edl038_9086/05.html
526113,https://labs.edynamiclearning.com/edl038_9086/06.html
526118,https://labs.edynamiclearning.com/edl038_9086/07-17.html
526123,https://labs.edynamiclearning.com/edl038_9086/08.html
526129,https://labs.edynamiclearning.com/edl038_9086/09.html
526134,https://labs.edynamiclearning.com/edl038_9086/10.html
526138,https://labs.edynamiclearning.com/edl038_9086/11.html
526145,https://labs.edynamiclearning.com/edl038_9086/12.html
526152,https://labs.edynamiclearning.com/edl040_6956/01.html
526158,https://labs.edynamiclearning.com/edl040_6956/02.html
526164,https://labs.edynamiclearning.com/edl040_6956/03.html
526170,https://labs.edynamiclearning.com/edl040_6956/04.html
526183,https://labs.edynamiclearning.com/edl040_6956/05.html
526188,https://labs.edynamiclearning.com/edl040_6956/06.html
527382,https://labs.edynamiclearning.com/edl040_6956/07.html
527383,https://labs.edynamiclearning.com/edl040_6956/08.html
527384,https://labs.edynamiclearning.com/edl040_6956/09.html
527385,https://labs.edynamiclearning.com/edl040_6956/10.html
527420,https://labs.edynamiclearning.com/edl040_6956/11.html
527421,https://labs.edynamiclearning.com/edl040_6956/12.html
527182,https://labs.edynamiclearning.com/edl041_8622/unit/01/Project_2-17.html
527139,https://labs.edynamiclearning.com/edl041_8622/unit/08/Project_1-17.html
527144,https://labs.edynamiclearning.com/edl041_8622/unit/10/Project_2-17.html
527815,https://labs.edynamiclearning.com/edl042_3188/01.html
527816,https://labs.edynamiclearning.com/edl042_3188/02.html
527817,https://labs.edynamiclearning.com/edl042_3188/03.html
527849,https://labs.edynamiclearning.com/edl042_3188/04.html
527850,https://labs.edynamiclearning.com/edl042_3188/05.html
527851,https://labs.edynamiclearning.com/edl042_3188/06.html.html
527852,https://labs.edynamiclearning.com/edl042_3188/07.html
527853,https://labs.edynamiclearning.com/edl042_3188/08.html
527854,https://labs.edynamiclearning.com/edl042_3188/09.html
527855,https://labs.edynamiclearning.com/edl042_3188/10.html
527949,https://labs.edynamiclearning.com/edl043_7328/01.html
527606,https://labs.edynamiclearning.com/edl043_7328/02.html
527607,https://labs.edynamiclearning.com/edl043_7328/03.html
527608,https://labs.edynamiclearning.com/edl043_7328/04.html
527609,https://labs.edynamiclearning.com/edl043_7328/05.html
527610,https://labs.edynamiclearning.com/edl043_7328/06.html
527611,https://labs.edynamiclearning.com/edl043_7328/07.html
527612,https://labs.edynamiclearning.com/edl043_7328/08.html
527422,https://labs.edynamiclearning.com/edl044_9373/01.html
527423,https://labs.edynamiclearning.com/edl044_9373/02.html
527424,https://labs.edynamiclearning.com/edl044_9373/03.html
527425,https://labs.edynamiclearning.com/edl044_9373/04.html
527426,https://labs.edynamiclearning.com/edl044_9373/05.html
527427,https://labs.edynamiclearning.com/edl044_9373/06.html
527428,https://labs.edynamiclearning.com/edl044_9373/07.html
527429,https://labs.edynamiclearning.com/edl044_9373/08.html
527643,https://labs.edynamiclearning.com/edl045_8147/01.html
527644,https://labs.edynamiclearning.com/edl045_8147/02.html
527645,https://labs.edynamiclearning.com/edl045_8147/03.html
527646,https://labs.edynamiclearning.com/edl045_8147/04.html
527647,https://labs.edynamiclearning.com/edl045_8147/05.html
527648,https://labs.edynamiclearning.com/edl045_8147/06.html
527683,https://labs.edynamiclearning.com/edl045_8147/07.html
527684,https://labs.edynamiclearning.com/edl045_8147/08.html
527685,https://labs.edynamiclearning.com/edl045_8147/09.html
527686,https://labs.edynamiclearning.com/edl045_8147/10.html
527687,https://labs.edynamiclearning.com/edl046_2544/02.html
527688,https://labs.edynamiclearning.com/edl046_2544/04.html
527689,https://labs.edynamiclearning.com/edl046_2544/06.html
527690,https://labs.edynamiclearning.com/edl046_2544/08.html
527691,https://labs.edynamiclearning.com/edl046_2544/10.html
527856,https://labs.edynamiclearning.com/edl047_1623/01.html
527857,https://labs.edynamiclearning.com/edl047_1623/02.html
527858,https://labs.edynamiclearning.com/edl047_1623/03.html
527890,https://labs.edynamiclearning.com/edl047_1623/04.html
527891,https://labs.edynamiclearning.com/edl047_1623/05.html
527892,https://labs.edynamiclearning.com/edl047_1623/06.html
527893,https://labs.edynamiclearning.com/edl047_1623/07.html
527894,https://labs.edynamiclearning.com/edl047_1623/08.html
527895,https://labs.edynamiclearning.com/edl047_1623/09.html
527896,https://labs.edynamiclearning.com/edl047_1623/10.html
527556,https://labs.edynamiclearning.com/edl052_2083/01.html
527557,https://labs.edynamiclearning.com/edl052_2083/02.html
527558,https://labs.edynamiclearning.com/edl052_2083/03.html
527559,https://labs.edynamiclearning.com/edl052_2083/04.html
527560,https://labs.edynamiclearning.com/edl052_2083/05.html
527561,https://labs.edynamiclearning.com/edl052_2083/06.html
527596,https://labs.edynamiclearning.com/edl052_2083/07.html
527597,https://labs.edynamiclearning.com/edl052_2083/08.html
527598,https://labs.edynamiclearning.com/edl052_2083/09.html
527599,https://labs.edynamiclearning.com/edl052_2083/10.html
527600,https://labs.edynamiclearning.com/edl052_2083/11.html
527601,https://labs.edynamiclearning.com/edl052_2083/12.html
532739,https://labs.edynamiclearning.com/edl052_2083/unit/10/Activity.html
527864,https://labs.edynamiclearning.com/edl053_4030/01.html
527865,https://labs.edynamiclearning.com/edl053_4030/02.html
527866,https://labs.edynamiclearning.com/edl053_4030/03.html
527867,https://labs.edynamiclearning.com/edl053_4030/04.html
527868,https://labs.edynamiclearning.com/edl053_4030/05.html
527518,https://labs.edynamiclearning.com/edl053_4030/06.html
527519,https://labs.edynamiclearning.com/edl053_4030/07.html
527520,https://labs.edynamiclearning.com/edl053_4030/08.html
528607,https://labs.edynamiclearning.com/edl053_4030/unit/02/Activity.html
529323,https://labs.edynamiclearning.com/edl057_3984/01.html
529327,https://labs.edynamiclearning.com/edl057_3984/02.html
529331,https://labs.edynamiclearning.com/edl057_3984/03.html
529335,https://labs.edynamiclearning.com/edl057_3984/04.html
529343,https://labs.edynamiclearning.com/edl057_3984/05.html
529348,https://labs.edynamiclearning.com/edl057_3984/06.html
529354,https://labs.edynamiclearning.com/edl057_3984/07.html
529360,https://labs.edynamiclearning.com/edl057_3984/08.html
529364,https://labs.edynamiclearning.com/edl057_3984/09.html
529368,https://labs.edynamiclearning.com/edl057_3984/10.html
529372,https://labs.edynamiclearning.com/edl057_3984/11.html
529376,https://labs.edynamiclearning.com/edl057_3984/12.html
552398,https://labs.edynamiclearning.com/edl058_5264/01.html
552403,https://labs.edynamiclearning.com/edl058_5264/02.html
552407,https://labs.edynamiclearning.com/edl058_5264/03.html
552412,https://labs.edynamiclearning.com/edl058_5264/04.html
552416,https://labs.edynamiclearning.com/edl058_5264/05.html
552420,https://labs.edynamiclearning.com/edl058_5264/06.html
552424,https://labs.edynamiclearning.com/edl058_5264/07.html
552429,https://labs.edynamiclearning.com/edl058_5264/08.html
552433,https://labs.edynamiclearning.com/edl058_5264/09.html
552438,https://labs.edynamiclearning.com/edl058_5264/10.html
527302,https://labs.edynamiclearning.com/edl059_5290/01.html
527303,https://labs.edynamiclearning.com/edl059_5290/02.html
527304,https://labs.edynamiclearning.com/edl059_5290/03.html
527305,https://labs.edynamiclearning.com/edl059_5290/04.html
527306,https://labs.edynamiclearning.com/edl059_5290/05.html
527307,https://labs.edynamiclearning.com/edl059_5290/06.html
527308,https://labs.edynamiclearning.com/edl059_5290/07.html
527309,https://labs.edynamiclearning.com/edl059_5290/08.html
527310,https://labs.edynamiclearning.com/edl059_5290/09.html
527311,https://labs.edynamiclearning.com/edl059_5290/10.html
554283,https://labs.edynamiclearning.com/edl060_4840/01.html
554292,https://labs.edynamiclearning.com/edl060_4840/03.html
554301,https://labs.edynamiclearning.com/edl060_4840/05.html
554310,https://labs.edynamiclearning.com/edl060_4840/07.html
554320,https://labs.edynamiclearning.com/edl060_4840/09.html
554293,https://labs.edynamiclearning.com/edl060_4840/unit/03/Activity.html
554297,https://labs.edynamiclearning.com/edl060_4840/unit/04/Activity.html
552359,https://labs.edynamiclearning.com/edl061_9336/01.html
552364,https://labs.edynamiclearning.com/edl061_9336/02.html
552369,https://labs.edynamiclearning.com/edl061_9336/03.html
552374,https://labs.edynamiclearning.com/edl061_9336/04.html
552379,https://labs.edynamiclearning.com/edl061_9336/05.html
552384,https://labs.edynamiclearning.com/edl061_9336/06.html
552388,https://labs.edynamiclearning.com/edl061_9336/07.html
552389,https://labs.edynamiclearning.com/edl061_9336/07.html
552394,https://labs.edynamiclearning.com/edl061_9336/08.html
553852,https://labs.edynamiclearning.com/edl063_5026/01.html
553862,https://labs.edynamiclearning.com/edl063_5026/02.html
553876,https://labs.edynamiclearning.com/edl063_5026/03.html
553882,https://labs.edynamiclearning.com/edl063_5026/04.html
553887,https://labs.edynamiclearning.com/edl063_5026/05.html
553892,https://labs.edynamiclearning.com/edl063_5026/06.html
553897,https://labs.edynamiclearning.com/edl063_5026/07.html
553902,https://labs.edynamiclearning.com/edl063_5026/08.html
553811,https://labs.edynamiclearning.com/edl064_2805/01.html
553816,https://labs.edynamiclearning.com/edl064_2805/02.html
553820,https://labs.edynamiclearning.com/edl064_2805/03.html
553824,https://labs.edynamiclearning.com/edl064_2805/04.html
553830,https://labs.edynamiclearning.com/edl064_2805/05.html
553835,https://labs.edynamiclearning.com/edl064_2805/06.html
553839,https://labs.edynamiclearning.com/edl064_2805/07.html
553844,https://labs.edynamiclearning.com/edl064_2805/08.html
553812,https://labs.edynamiclearning.com/edl064_2805/unit/01/Activity.html
553826,https://labs.edynamiclearning.com/edl064_2805/unit/04/Activity2.html
553831,https://labs.edynamiclearning.com/edl064_2805/unit/05/Activity.html
553947,https://labs.edynamiclearning.com/edl065_4602/01.html
553954,https://labs.edynamiclearning.com/edl065_4602/03.html
553958,https://labs.edynamiclearning.com/edl065_4602/04.html
553962,https://labs.edynamiclearning.com/edl065_4602/05.html
554053,https://labs.edynamiclearning.com/edl065_4602/06.html
554057,https://labs.edynamiclearning.com/edl065_4602/07.html
554061,https://labs.edynamiclearning.com/edl065_4602/08.html
554065,https://labs.edynamiclearning.com/edl065_4602/09.html
554069,https://labs.edynamiclearning.com/edl065_4602/10.html
552741,https://labs.edynamiclearning.com/edl066_5922/01.html
552746,https://labs.edynamiclearning.com/edl066_5922/02.html
552751,https://labs.edynamiclearning.com/edl066_5922/03.html
552756,https://labs.edynamiclearning.com/edl066_5922/04.html
552761,https://labs.edynamiclearning.com/edl066_5922/05.html
552766,https://labs.edynamiclearning.com/edl066_5922/06.html
552771,https://labs.edynamiclearning.com/edl066_5922/07.html
552776,https://labs.edynamiclearning.com/edl066_5922/08.html
552777,https://labs.edynamiclearning.com/edl066_5922/unit/08/Activity.html
552826,https://labs.edynamiclearning.com/edl067_4885/01.html
552831,https://labs.edynamiclearning.com/edl067_4885/02.html
552838,https://labs.edynamiclearning.com/edl067_4885/03.html
552844,https://labs.edynamiclearning.com/edl067_4885/04.html
552853,https://labs.edynamiclearning.com/edl067_4885/05.html
552858,https://labs.edynamiclearning.com/edl067_4885/06.html
552864,https://labs.edynamiclearning.com/edl067_4885/07.html
552870,https://labs.edynamiclearning.com/edl067_4885/08.html
552292,https://labs.edynamiclearning.com/edl068_7268/01.html
552296,https://labs.edynamiclearning.com/edl068_7268/02.html
552300,https://labs.edynamiclearning.com/edl068_7268/03.html
552311,https://labs.edynamiclearning.com/edl068_7268/04.html
552343,https://labs.edynamiclearning.com/edl068_7268/05.html
552347,https://labs.edynamiclearning.com/edl068_7268/06.html
552351,https://labs.edynamiclearning.com/edl068_7268/07.html
552355,https://labs.edynamiclearning.com/edl068_7268/08.html
552880,https://labs.edynamiclearning.com/edl069_1297/01.html
552885,https://labs.edynamiclearning.com/edl069_1297/02.html
552890,https://labs.edynamiclearning.com/edl069_1297/03.html
552895,https://labs.edynamiclearning.com/edl069_1297/04.html
552900,https://labs.edynamiclearning.com/edl069_1297/05.html
552905,https://labs.edynamiclearning.com/edl069_1297/06.html
552910,https://labs.edynamiclearning.com/edl069_1297/07.html
552918,https://labs.edynamiclearning.com/edl069_1297/08.html
552881,https://labs.edynamiclearning.com/edl069_1297/unit/01/Activity.html
552911,https://labs.edynamiclearning.com/edl069_1297/unit/07/Activity.html
554073,https://labs.edynamiclearning.com/edl070_6118/01.html
554078,https://labs.edynamiclearning.com/edl070_6118/02.html
554083,https://labs.edynamiclearning.com/edl070_6118/03.html
554088,https://labs.edynamiclearning.com/edl070_6118/04.html
554093,https://labs.edynamiclearning.com/edl070_6118/05.html
554098,https://labs.edynamiclearning.com/edl070_6118/06.html
554103,https://labs.edynamiclearning.com/edl070_6118/07.html
554108,https://labs.edynamiclearning.com/edl070_6118/08.html
554113,https://labs.edynamiclearning.com/edl070_6118/09.html
554118,https://labs.edynamiclearning.com/edl070_6118/10.html
554084,https://labs.edynamiclearning.com/edl070_6118/unit/03/Activity.html
552979,https://labs.edynamiclearning.com/edl071_3906/01.html
552984,https://labs.edynamiclearning.com/edl071_3906/02.html
552989,https://labs.edynamiclearning.com/edl071_3906/03.html
552994,https://labs.edynamiclearning.com/edl071_3906/04.html
552999,https://labs.edynamiclearning.com/edl071_3906/05.html
553004,https://labs.edynamiclearning.com/edl071_3906/06.html
553009,https://labs.edynamiclearning.com/edl071_3906/07.html
553014,https://labs.edynamiclearning.com/edl071_3906/08.html
527692,https://labs.edynamiclearning.com/edl072_3447/01.html
527726,https://labs.edynamiclearning.com/edl072_3447/02.html
527727,https://labs.edynamiclearning.com/edl072_3447/03.html
527728,https://labs.edynamiclearning.com/edl072_3447/04.html
527729,https://labs.edynamiclearning.com/edl072_3447/05.html
527730,https://labs.edynamiclearning.com/edl072_3447/06.html
527731,https://labs.edynamiclearning.com/edl072_3447/07.html
527732,https://labs.edynamiclearning.com/edl072_3447/08.html
552927,https://labs.edynamiclearning.com/edl073_8921/01.html
552934,https://labs.edynamiclearning.com/edl073_8921/02.html
552939,https://labs.edynamiclearning.com/edl073_8921/03.html
552944,https://labs.edynamiclearning.com/edl073_8921/04.html
552949,https://labs.edynamiclearning.com/edl073_8921/05.html
552954,https://labs.edynamiclearning.com/edl073_8921/06.html
552959,https://labs.edynamiclearning.com/edl073_8921/07.html
552964,https://labs.edynamiclearning.com/edl073_8921/08.html
552969,https://labs.edynamiclearning.com/edl073_8921/09.html
552974,https://labs.edynamiclearning.com/edl073_8921/10.html
553183,https://labs.edynamiclearning.com/edl074_3679/01.html
553188,https://labs.edynamiclearning.com/edl074_3679/02.html
553193,https://labs.edynamiclearning.com/edl074_3679/03.html
553198,https://labs.edynamiclearning.com/edl074_3679/04.html
553203,https://labs.edynamiclearning.com/edl074_3679/05.html
553208,https://labs.edynamiclearning.com/edl074_3679/06.html
553213,https://labs.edynamiclearning.com/edl074_3679/07.html
553222,https://labs.edynamiclearning.com/edl074_3679/08.html
553027,https://labs.edynamiclearning.com/edl075_2526/03.html
553032,https://labs.edynamiclearning.com/edl075_2526/04.html
553037,https://labs.edynamiclearning.com/edl075_2526/05.html
553042,https://labs.edynamiclearning.com/edl075_2526/06.html
553060,https://labs.edynamiclearning.com/edl075_2526/10.html
552581,https://labs.edynamiclearning.com/edl077_7268/unit/07/Activity.html
553938,https://labs.edynamiclearning.com/edl078_5932/07_Activity.html
553942,https://labs.edynamiclearning.com/edl078_5932/08.html
553943,https://labs.edynamiclearning.com/edl078_5932/08_Activity.html
552614,https://labs.edynamiclearning.com/edl079_4671/unit/07/Activity.html
552658,https://labs.edynamiclearning.com/edl080_0464/unit/06/Activity2.html
552076,https://labs.edynamiclearning.com/edl083_5742/01.html
552101,https://labs.edynamiclearning.com/edl083_5742/02.html
552105,https://labs.edynamiclearning.com/edl083_5742/03-17.html
552158,https://labs.edynamiclearning.com/edl083_5742/04-17.html
552187,https://labs.edynamiclearning.com/edl083_5742/05.html
552196,https://labs.edynamiclearning.com/edl083_5742/07-17.html
552200,https://labs.edynamiclearning.com/edl083_5742/08.html
552106,https://labs.edynamiclearning.com/edl083_5742/unit/03/Activity.html
552495,https://labs.edynamiclearning.com/edl084_8264/02.html
552511,https://labs.edynamiclearning.com/edl084_8264/05.html
552531,https://labs.edynamiclearning.com/edl084_8264/09.html
552542,https://labs.edynamiclearning.com/edl084_8264/11.html
552550,https://labs.edynamiclearning.com/edl084_8264/12.html
552527,https://labs.edynamiclearning.com/edl084_8264/unit/08/Activity.html
552543,https://labs.edynamiclearning.com/edl084_8264/unit/11/Activity.html
552280,https://labs.edynamiclearning.com/edl086_4458/unit/10/Activity.html
552288,https://labs.edynamiclearning.com/edl086_4458/unit/12/Activity.html
551633,https://lens.blogs.nytimes.com/2014/06/30/photos-world-war-i-images-museums-battle-great-war/?smid=pl-share
552031,https://literarydevices.net/imagery/
552031,https://literarydevices.net/symbolism/
590883,https://maps.google.com
546675,https://nathanfriend.io/inspirograph/
556300,https://newint.org/features/2008/10/01/tax-history
550242,https://obamawhitehouse.archives.gov/blog/2015/07/02/day-history-president-lyndon-b-johnson-signed-civil-rights-act-1964.
533042,https://owl.english.purdue.edu/owl/resource/685/05/
533042,https://owl.english.purdue.edu/owl/resource/685/05/
533105,https://owl.english.purdue.edu/owl/resource/685/05/
533105,https://owl.english.purdue.edu/owl/resource/685/05/
533094,https://owl.english.purdue.edu/owl/resource/685/05/
533094,https://owl.english.purdue.edu/owl/resource/685/05/
533098,https://owl.english.purdue.edu/owl/resource/685/05/
533098,https://owl.english.purdue.edu/owl/resource/685/05/
533101,https://owl.english.purdue.edu/owl/resource/685/05/
533101,https://owl.english.purdue.edu/owl/resource/685/05/
533102,https://owl.english.purdue.edu/owl/resource/685/05/
533102,https://owl.english.purdue.edu/owl/resource/685/05/
533103,https://owl.english.purdue.edu/owl/resource/685/05/
533103,https://owl.english.purdue.edu/owl/resource/685/05/
533104,https://owl.english.purdue.edu/owl/resource/685/05/
533104,https://owl.english.purdue.edu/owl/resource/685/05/
533014,https://owl.english.purdue.edu/owl/resource/685/05/
551414,https://owl.english.purdue.edu/owl/resource/685/05/
533014,https://owl.english.purdue.edu/owl/resource/685/05/
526120,https://owl.english.purdue.edu/owl/resource/685/05/
526120,https://owl.english.purdue.edu/owl/resource/685/05/
526125,https://owl.english.purdue.edu/owl/resource/685/05/
526125,https://owl.english.purdue.edu/owl/resource/685/05/
526130,https://owl.english.purdue.edu/owl/resource/685/05/
526130,https://owl.english.purdue.edu/owl/resource/685/05/
526076,https://owl.english.purdue.edu/owl/resource/685/05/
526076,https://owl.english.purdue.edu/owl/resource/685/05/
526088,https://owl.english.purdue.edu/owl/resource/685/05/
526088,https://owl.english.purdue.edu/owl/resource/685/05/
526091,https://owl.english.purdue.edu/owl/resource/685/05/
526091,https://owl.english.purdue.edu/owl/resource/685/05/
526117,https://owl.english.purdue.edu/owl/resource/685/05/
526117,https://owl.english.purdue.edu/owl/resource/685/05/
526056,https://owl.english.purdue.edu/owl/resource/685/05/
526056,https://owl.english.purdue.edu/owl/resource/685/05/
526072,https://owl.english.purdue.edu/owl/resource/685/05/
526072,https://owl.english.purdue.edu/owl/resource/685/05/
508392,https://owl.english.purdue.edu/owl/resource/747/12/
529190,https://phet.colorado.edu/en/simulation/energy-forms-and-changes
529191,https://phet.colorado.edu/en/simulation/energy-forms-and-changes
538004,https://prezi.com
526015,https://prezi.com/
526027,https://prezi.com/
546676,https://printable-ruler.net/all-rulers/
443467,https://sites.google.com/site/biorochen/biology-lesson-recordings
443467,https://sites.google.com/site/biorochen/biology-lesson-recordings
443468,https://sites.google.com/site/biorochen/biology-lesson-recordings
443468,https://sites.google.com/site/biorochen/biology-lesson-recordings
443469,https://sites.google.com/site/biorochen/biology-lesson-recordings
443469,https://sites.google.com/site/biorochen/biology-lesson-recordings
443470,https://sites.google.com/site/biorochen/biology-lesson-recordings
443470,https://sites.google.com/site/biorochen/biology-lesson-recordings
443471,https://sites.google.com/site/biorochen/biology-lesson-recordings
443471,https://sites.google.com/site/biorochen/biology-lesson-recordings
443472,https://sites.google.com/site/biorochen/biology-lesson-recordings
443472,https://sites.google.com/site/biorochen/biology-lesson-recordings
443474,https://sites.google.com/site/biorochen/biology-lesson-recordings
443474,https://sites.google.com/site/biorochen/biology-lesson-recordings
443475,https://sites.google.com/site/biorochen/biology-lesson-recordings
443475,https://sites.google.com/site/biorochen/biology-lesson-recordings
443476,https://sites.google.com/site/biorochen/biology-lesson-recordings
443476,https://sites.google.com/site/biorochen/biology-lesson-recordings
443477,https://sites.google.com/site/biorochen/biology-lesson-recordings
443477,https://sites.google.com/site/biorochen/biology-lesson-recordings
443478,https://sites.google.com/site/biorochen/biology-lesson-recordings
443478,https://sites.google.com/site/biorochen/biology-lesson-recordings
443479,https://sites.google.com/site/biorochen/biology-lesson-recordings
443479,https://sites.google.com/site/biorochen/biology-lesson-recordings
443480,https://sites.google.com/site/biorochen/biology-lesson-recordings
443480,https://sites.google.com/site/biorochen/biology-lesson-recordings
443481,https://sites.google.com/site/biorochen/biology-lesson-recordings
443481,https://sites.google.com/site/biorochen/biology-lesson-recordings
443482,https://sites.google.com/site/biorochen/biology-lesson-recordings
443482,https://sites.google.com/site/biorochen/biology-lesson-recordings
443483,https://sites.google.com/site/biorochen/biology-lesson-recordings
443483,https://sites.google.com/site/biorochen/biology-lesson-recordings
443484,https://sites.google.com/site/biorochen/biology-lesson-recordings
443484,https://sites.google.com/site/biorochen/biology-lesson-recordings
443912,https://sites.google.com/site/biorochen/biology-lesson-recordings
443912,https://sites.google.com/site/biorochen/biology-lesson-recordings
443913,https://sites.google.com/site/biorochen/biology-lesson-recordings
443913,https://sites.google.com/site/biorochen/biology-lesson-recordings
443914,https://sites.google.com/site/biorochen/biology-lesson-recordings
443914,https://sites.google.com/site/biorochen/biology-lesson-recordings
443915,https://sites.google.com/site/biorochen/biology-lesson-recordings
443915,https://sites.google.com/site/biorochen/biology-lesson-recordings
443916,https://sites.google.com/site/biorochen/biology-lesson-recordings
443916,https://sites.google.com/site/biorochen/biology-lesson-recordings
443917,https://sites.google.com/site/biorochen/biology-lesson-recordings
443917,https://sites.google.com/site/biorochen/biology-lesson-recordings
443919,https://sites.google.com/site/biorochen/biology-lesson-recordings
443919,https://sites.google.com/site/biorochen/biology-lesson-recordings
443920,https://sites.google.com/site/biorochen/biology-lesson-recordings
443920,https://sites.google.com/site/biorochen/biology-lesson-recordings
443463,https://sites.google.com/site/biorochen/biology-lesson-recordings
443463,https://sites.google.com/site/biorochen/biology-lesson-recordings
443464,https://sites.google.com/site/biorochen/biology-lesson-recordings
443464,https://sites.google.com/site/biorochen/biology-lesson-recordings
443465,https://sites.google.com/site/biorochen/biology-lesson-recordings
443465,https://sites.google.com/site/biorochen/biology-lesson-recordings
443466,https://sites.google.com/site/biorochen/biology-lesson-recordings
443466,https://sites.google.com/site/biorochen/biology-lesson-recordings
445719,https://sites.google.com/site/biorochen/biology-lesson-recordings---parts-3-4
445720,https://sites.google.com/site/biorochen/biology-lesson-recordings---parts-3-4
445720,https://sites.google.com/site/biorochen/biology-lesson-recordings---parts-3-4
445721,https://sites.google.com/site/biorochen/biology-lesson-recordings---parts-3-4
445721,https://sites.google.com/site/biorochen/biology-lesson-recordings---parts-3-4
445703,https://sites.google.com/site/biorochen/biology-lesson-recordings---parts-3-4
445703,https://sites.google.com/site/biorochen/biology-lesson-recordings---parts-3-4
445704,https://sites.google.com/site/biorochen/biology-lesson-recordings---parts-3-4
445704,https://sites.google.com/site/biorochen/biology-lesson-recordings---parts-3-4
445705,https://sites.google.com/site/biorochen/biology-lesson-recordings---parts-3-4
445705,https://sites.google.com/site/biorochen/biology-lesson-recordings---parts-3-4
445706,https://sites.google.com/site/biorochen/biology-lesson-recordings---parts-3-4
445706,https://sites.google.com/site/biorochen/biology-lesson-recordings---parts-3-4
445707,https://sites.google.com/site/biorochen/biology-lesson-recordings---parts-3-4
445707,https://sites.google.com/site/biorochen/biology-lesson-recordings---parts-3-4
445708,https://sites.google.com/site/biorochen/biology-lesson-recordings---parts-3-4
445708,https://sites.google.com/site/biorochen/biology-lesson-recordings---parts-3-4
445709,https://sites.google.com/site/biorochen/biology-lesson-recordings---parts-3-4
445709,https://sites.google.com/site/biorochen/biology-lesson-recordings---parts-3-4
445710,https://sites.google.com/site/biorochen/biology-lesson-recordings---parts-3-4
445710,https://sites.google.com/site/biorochen/biology-lesson-recordings---parts-3-4
445711,https://sites.google.com/site/biorochen/biology-lesson-recordings---parts-3-4
445711,https://sites.google.com/site/biorochen/biology-lesson-recordings---parts-3-4
445713,https://sites.google.com/site/biorochen/biology-lesson-recordings---parts-3-4
445713,https://sites.google.com/site/biorochen/biology-lesson-recordings---parts-3-4
445714,https://sites.google.com/site/biorochen/biology-lesson-recordings---parts-3-4
445714,https://sites.google.com/site/biorochen/biology-lesson-recordings---parts-3-4
445715,https://sites.google.com/site/biorochen/biology-lesson-recordings---parts-3-4
445715,https://sites.google.com/site/biorochen/biology-lesson-recordings---parts-3-4
445716,https://sites.google.com/site/biorochen/biology-lesson-recordings---parts-3-4
445716,https://sites.google.com/site/biorochen/biology-lesson-recordings---parts-3-4
445717,https://sites.google.com/site/biorochen/biology-lesson-recordings---parts-3-4
445717,https://sites.google.com/site/biorochen/biology-lesson-recordings---parts-3-4
445718,https://sites.google.com/site/biorochen/biology-lesson-recordings---parts-3-4
445718,https://sites.google.com/site/biorochen/biology-lesson-recordings---parts-3-4
445719,https://sites.google.com/site/biorochen/biology-lesson-recordings---parts-3-4
443485,https://sites.google.com/site/biorochen/useful-links
443485,https://sites.google.com/site/biorochen/useful-links
552040,https://soundcloud.com/alexhopeml/sonnet-130-by-william
572540,https://support.apple.com/kb/PH23641?locale=en_US
572536,https://support.apple.com/kb/PH23641?locale=en_US
572539,https://support.apple.com/kb/PH23641?locale=en_US
572535,https://support.apple.com/kb/PH23641?locale=en_US
572534,https://support.apple.com/kb/PH23641?locale=en_US
572538,https://support.apple.com/kb/PH23641?locale=en_US
572533,https://support.apple.com/kb/PH23641?locale=en_US
572541,https://support.apple.com/kb/PH23641?locale=en_US
572531,https://support.apple.com/kb/PH23641?locale=en_US
590615,https://support.apple.com/kb/PH23641?locale=en_US
572537,https://support.apple.com/kb/PH23641?locale=en_US
572532,https://support.apple.com/kb/PH23641?locale=en_US
572530,https://support.apple.com/kb/PH23641?locale=en_US
590614,https://support.apple.com/kb/PH23641?locale=en_US
590615,https://support.office.com/en-us/article/apa-mla-chicago-%E2%80%93-automatically-format-bibliographies-405c207c-7070-42fa-91e7-eaf064b14dbb
590614,https://support.office.com/en-us/article/apa-mla-chicago-%E2%80%93-automatically-format-bibliographies-405c207c-7070-42fa-91e7-eaf064b14dbb
572537,https://support.office.com/en-us/article/apa-mla-chicago-%E2%80%93-automatically-format-bibliographies-405c207c-7070-42fa-91e7-eaf064b14dbb
572536,https://support.office.com/en-us/article/apa-mla-chicago-%E2%80%93-automatically-format-bibliographies-405c207c-7070-42fa-91e7-eaf064b14dbb
572535,https://support.office.com/en-us/article/apa-mla-chicago-%E2%80%93-automatically-format-bibliographies-405c207c-7070-42fa-91e7-eaf064b14dbb
572534,https://support.office.com/en-us/article/apa-mla-chicago-%E2%80%93-automatically-format-bibliographies-405c207c-7070-42fa-91e7-eaf064b14dbb
572533,https://support.office.com/en-us/article/apa-mla-chicago-%E2%80%93-automatically-format-bibliographies-405c207c-7070-42fa-91e7-eaf064b14dbb
572531,https://support.office.com/en-us/article/apa-mla-chicago-%E2%80%93-automatically-format-bibliographies-405c207c-7070-42fa-91e7-eaf064b14dbb
572530,https://support.office.com/en-us/article/apa-mla-chicago-%E2%80%93-automatically-format-bibliographies-405c207c-7070-42fa-91e7-eaf064b14dbb
572540,https://support.office.com/en-us/article/apa-mla-chicago-%E2%80%93-automatically-format-bibliographies-405c207c-7070-42fa-91e7-eaf064b14dbb
572539,https://support.office.com/en-us/article/apa-mla-chicago-%E2%80%93-automatically-format-bibliographies-405c207c-7070-42fa-91e7-eaf064b14dbb
572538,https://support.office.com/en-us/article/apa-mla-chicago-%E2%80%93-automatically-format-bibliographies-405c207c-7070-42fa-91e7-eaf064b14dbb
572541,https://support.office.com/en-us/article/apa-mla-chicago-%E2%80%93-automatically-format-bibliographies-405c207c-7070-42fa-91e7-eaf064b14dbb
572532,https://support.office.com/en-us/article/apa-mla-chicago-%E2%80%93-automatically-format-bibliographies-405c207c-7070-42fa-91e7-eaf064b14dbb
589065,https://teleport.org
539110,https://upload.wikimedia.org/wikipedia/commons/a/ae/Real_2-space_as_square_grid.png
551121,https://water.usgs.gov/edu/earthwherewater.html
551125,https://water.usgs.gov/edu/earthwherewater.html
551129,https://water.usgs.gov/edu/qa-home-percapita.html
554340,https://www.acefitness.org/education-and-resources/lifestyle/tools-calculators/physical-activity-calorie-counter
554342,https://www.acefitness.org/education-and-resources/lifestyle/tools-calculators/physical-activity-calorie-counter
554341,https://www.acefitness.org/education-and-resources/lifestyle/tools-calculators/physical-activity-calorie-counter
590882,https://www.apowersoft.com/free-online-screen-recorder?__c=1
589422,https://www.archives.gov/founding-docs/bill-of-rights-transcript
537997,https://www.awesomestories.com/asset/view/Martin-Luther-King-Jr.-I-Have-a-Dream-Speech
526050,https://www.awesomestories.com/asset/view/THE-GREAT-DEPRESSION-Great-Depression
533015,https://www.awesomestories.com/asset/view/THE-GREAT-DEPRESSION-Great-Depression
589065,https://www.bankrate.com/calculators/savings/moving-cost-of-living-calculator.aspx
551407,https://www.bl.uk/romantics-and-victorians/articles/the-origins-of-the-gothic
551098,https://www.brainpickings.org/2012/09/17/the-meaning-of-life/
590614,https://www.britannica.com/topic/direct-democracy
590615,https://www.britannica.com/topic/electoral-college
590614,https://www.britannica.com/topic/majority-tyranny
590614,https://www.britannica.com/topic/republic-government
589057,https://www.businessinsider.com/18-ways-your-office-job-is-destroying-your-body-2013-2
589057,https://www.businessinsider.com/the-most-dangerous-jobs-in-america-2018-7
556312,https://www.cbpp.org/research/federal-budget/policy-basics-where-do-our-federal-tax-dollars-go
556314,https://www.cbpp.org/research/federal-budget/policy-basics-where-do-our-federal-tax-dollars-go
556328,https://www.cbpp.org/research/federal-tax/commentary-with-tax-cuts-for-the-top-gop-leaders-now-aim-budget-cuts-at-the#_ftn9 Remove
556318,https://www.cbpp.org/research/federal-tax/jct-estimates-final-gop-tax-bill-skewed-to-top-hurts-many-low-and-middle-income
556323,https://www.cbpp.org/research/federal-tax/jct-estimates-final-gop-tax-bill-skewed-to-top-hurts-many-low-and-middle-income
556314,https://www.cbpp.org/research/state-budget-and-tax/policy-basics-where-do-our-state-tax-dollars-go
546653,https://www.cfr.org/interview/post-911-civil-liberties-debate
590614,https://www.chicagomanualofstyle.org/tools_citationguide/citation-guide-1.html
590615,https://www.chicagomanualofstyle.org/tools_citationguide/citation-guide-1.html
526060,https://www.cia.gov/library/publications/the-world-factbook/
533091,https://www.cia.gov/library/publications/the-world-factbook/
533091,https://www.cia.gov/library/publications/the-world-factbook/
526060,https://www.cia.gov/library/publications/the-world-factbook/
529318,https://www.classzone.com/books/earth_science/terc/content/investigations/es1608/es1608page01.cfm
552126,https://www.climaterealityproject.org/blog/climate-change-impacting-water-cycle
552330,https://www.cnbc.com/video/2017/05/12/buffett-on-retirement.html
546466,https://www.collinsdictionary.com/dictionary/english-french
546468,https://www.collinsdictionary.com/dictionary/english-french
546470,https://www.collinsdictionary.com/dictionary/english-french
546472,https://www.collinsdictionary.com/dictionary/english-french
546474,https://www.collinsdictionary.com/dictionary/english-french
508088,https://www.collinsdictionary.com/dictionary/english-french
508091,https://www.collinsdictionary.com/dictionary/english-french
508092,https://www.collinsdictionary.com/dictionary/english-french
508093,https://www.collinsdictionary.com/dictionary/english-french
508094,https://www.collinsdictionary.com/dictionary/english-french
508095,https://www.collinsdictionary.com/dictionary/english-french
508096,https://www.collinsdictionary.com/dictionary/english-french
508097,https://www.collinsdictionary.com/dictionary/english-french
508098,https://www.collinsdictionary.com/dictionary/english-french
508099,https://www.collinsdictionary.com/dictionary/english-french
508100,https://www.collinsdictionary.com/dictionary/english-french
508101,https://www.collinsdictionary.com/dictionary/english-french
508102,https://www.collinsdictionary.com/dictionary/english-french
508103,https://www.collinsdictionary.com/dictionary/english-french
508104,https://www.collinsdictionary.com/dictionary/english-french
508105,https://www.collinsdictionary.com/dictionary/english-french
508106,https://www.collinsdictionary.com/dictionary/english-french
508107,https://www.collinsdictionary.com/dictionary/english-french
508108,https://www.collinsdictionary.com/dictionary/english-french
508109,https://www.collinsdictionary.com/dictionary/english-french
508110,https://www.collinsdictionary.com/dictionary/english-french
508036,https://www.collinsdictionary.com/dictionary/english-french
508037,https://www.collinsdictionary.com/dictionary/english-french
508038,https://www.collinsdictionary.com/dictionary/english-french
508039,https://www.collinsdictionary.com/dictionary/english-french
508040,https://www.collinsdictionary.com/dictionary/english-french
508041,https://www.collinsdictionary.com/dictionary/english-french
508042,https://www.collinsdictionary.com/dictionary/english-french
508043,https://www.collinsdictionary.com/dictionary/english-french
508044,https://www.collinsdictionary.com/dictionary/english-french
508082,https://www.collinsdictionary.com/dictionary/english-french
508083,https://www.collinsdictionary.com/dictionary/english-french
508084,https://www.collinsdictionary.com/dictionary/english-french
508085,https://www.collinsdictionary.com/dictionary/english-french
508086,https://www.collinsdictionary.com/dictionary/english-french
508087,https://www.collinsdictionary.com/dictionary/english-french
546475,https://www.collinsdictionary.com/dictionary/english-french
546479,https://www.collinsdictionary.com/dictionary/english-french
546481,https://www.collinsdictionary.com/dictionary/english-french
546485,https://www.collinsdictionary.com/dictionary/english-french
546487,https://www.collinsdictionary.com/dictionary/english-french
551033,https://www.collinsdictionary.com/us/dictionary/english/fresco
552043,https://www.collinsdictionary.com/us/dictionary/english/universal
589065,https://www.consumer.gov/sites/www.consumer.gov/files/pdf-1020-make-budget-worksheet_form.pdf
590614,https://www.dailynews.com/2019/02/10/defending-direct-democracy-defending-taxpayers/
552232,https://www.desmos.com/calculator
551379,https://www.desmos.com/calculator
551370,https://www.desmos.com/calculator
551365,https://www.desmos.com/calculator
552256,https://www.desmos.com/calculator
552254,https://www.desmos.com/calculator
552236,https://www.desmos.com/calculator
552234,https://www.desmos.com/calculator
546652,https://www.docsteach.org/documents?filter_searchterm=child+labor
502533,https://www.edmodo.com/
502533,https://www.edmodo.com/
501707,https://www.edmodo.com/
502532,https://www.edmodo.com/
501707,https://www.edmodo.com/
502532,https://www.edmodo.com/
572531,https://www.encyclopedia.com/history/encyclopedias-almanacs-transcripts-and-maps/social-and-political-impact-second-phase-industrial-revolution
572538,https://www.encyclopedia.com/international/encyclopedias-almanacs-transcripts-and-maps/hiroshima
590615,https://www.fairvote.org/maine_nebraska
552332,https://www.fool.com/investing/2017/04/25/how-to-choose-a-stock-a-step-by-step-guide.aspx
551158,https://www.forbes.com/sites/work-in-progress/2015/01/15/four-ways-to-be-a-better-listener-today/#70ef78b94fc8
551159,https://www.forbes.com/sites/work-in-progress/2015/01/15/four-ways-to-be-a-better-listener-today/#70ef78b94fc8
552178,https://www.fws.gov/home/dhoilspill/pdfs/DHJICFWSOilImpactsWildlifeFactSheet.pdf
552177,https://www.fws.gov/home/dhoilspill/pdfs/DHJICFWSOilImpactsWildlifeFactSheet.pdf
546675,https://www.geogebra.org/
546674,https://www.geogebra.org/
590879,https://www.geogebra.org/classic
589065,https://www.glassdoor.com/index.htm
551396,https://www.goodreads.com/list/show/1230.Best_Gothic_Books_Of_All_Time
551395,https://www.goodreads.com/list/show/1230.Best_Gothic_Books_Of_All_Time
590614,https://www.google.com/
551649,https://www.google.com/slides/about/
551628,https://www.history.com/embed/262310467709
551320,https://www.history.com/topics/french-revolution#
572537,https://www.history.com/topics/great-depression/new-deal
590883,https://www.hotels.com
552040,https://www.howmanysyllables.com/
552045,https://www.howmanysyllables.com/
552224,"https://www.howtogeek.com/236838/how-to-find-any-devices-ip-address-mac-address-and-other-network-connection-details/Provide both of those addresses, and note whether they are IPv4 or IPv6 addresses.What are the cybersecurity implications of IP addresses, both public and private?"
552319,https://www.investopedia.com/terms/t/treasurybill.asp
552224,"https://www.iplocation.net/find-ip-address, and you can find your private IP address by following the instructions according to your OS, here: https://www.howtogeek.com/236838/how-to-find-any-devices-ip-address-mac-address-and-other-network-connection-details/Provide both of those addresses, and note whether they are IPv4 or IPv6 addresses.What are the cybersecurity implications of IP addresses, both public and private?"
496611,https://www.ispot.tv/ad/7OER/snickers-football-coach-featuring-robin-williams
572539,https://www.jfklibrary.org/Research/Research-Aids/Ready-Reference/JFK-Fast-Facts/Eulogies.aspx
590883,https://www.kayak.com
589422,https://www.khanacademy.org/humanities/us-government-and-civics/us-gov-civil-liberties-and-civil-rights/us-gov-due-process-and-the-rights-of-the-accused/v/miranda-v-arizona
589422,https://www.khanacademy.org/humanities/us-government-and-civics/us-gov-civil-liberties-and-civil-rights/us-gov-due-process-and-the-rights-of-the-accused/v/the-fifth-amendment
508038,https://www.laits.utexas.edu/tex/gr/det6.html
508083,https://www.laits.utexas.edu/tex/gr/det6.html
508109,https://www.laits.utexas.edu/tex/gr/int5.html
508093,https://www.laits.utexas.edu/tex/gr/pro12.html
508094,https://www.laits.utexas.edu/tex/gr/tac1.html
508044,https://www.laits.utexas.edu/tex/gr/taf1.html
508087,https://www.laits.utexas.edu/tex/gr/taf1.html
508088,https://www.laits.utexas.edu/tex/gr/taf2.html
508088,https://www.laits.utexas.edu/tex/gr/taf3.html
508088,https://www.laits.utexas.edu/tex/gr/taf4.html
508088,https://www.laits.utexas.edu/tex/gr/taf4.html
508095,https://www.laits.utexas.edu/tex/gr/tas1.html
508095,https://www.laits.utexas.edu/tex/gr/tas2.html
508097,https://www.laits.utexas.edu/tex/gr/virr3.html
508044,https://www.laits.utexas.edu/tex/gr/vpr1.html
508086,https://www.laits.utexas.edu/tex/pr/adv2.html#Place
589422,https://www.landmarkcases.org/cases/miranda-v-arizona
589420,https://www.law.cornell.edu/constitution/billofrights
589400,https://www.lifezette.com/polizette/ingraham-hey-kneelers-lets-get-things-straight/
552270,"https://www.malwarebytes.com/pricing/Evaluate and compare free and commercial versions of the antivirus software at the link. Based on the information you learned in this Unit, which differences, if any, are significant enough to warrant considering paying for the software over using the free version (for a typical home user, if the specific annual costs were not a major consideration)? What is "
539109,https://www.mathsisfun.com/data/quincunx-explained.html
539109,https://www.mathsisfun.com/data/quincunx.html
591866,https://www.merriam-webster.com/
591872,https://www.merriam-webster.com/
590608,https://www.meta-calculator.com/?panel-401-basic-stats-input
552161,https://www.nasa.gov/mission_pages/aquarius/multimedia/gallery/pia14786.html
526085,https://www.nationalpriorities.org/budget-basics/federal-budget-101/spending/
533100,https://www.nationalpriorities.org/budget-basics/federal-budget-101/spending/
546650,https://www.nationalpriorities.org/smart/
551729,https://www.newyorker.com/magazine/2010/12/13/snoops
551037,https://www.nga.gov/content/ngaweb/features/slideshows/patrons-and-artists-in-late-15th-century-florence.html
526085,https://www.nmu.edu/writingcenter/parts-business-letter
533100,https://www.nmu.edu/writingcenter/parts-business-letter
552033,https://www.npr.org/2017/04/27/525879802/kendrick-lamar-extends-his-vocal-and-emotional-range-on-damn
552134,https://www.nps.gov/articles/aps-v12-i2-c9.htm
551722,https://www.nytimes.com/
552857,"https://www.osha.gov/video/) and find one that you think would be especially important for a chemical engineer to view. Explain how the information in this video would help keep an engineer safe on the job. What are the important safety regulations illustrated in the video? Include a link to the video you chose in your answer. Find a video online that demonstrates the proper handling of a toxic or dangerous chemical. Many chemicals have specific requirements, identify which chemicals or category of chemicals the advice applies to and the key safety tips for handling this chemical safely. Include the links to the sites where you found your video."
512016,https://www.passiton.com/inspirational-stories-tv-spots/106-basketball
572539,https://www.pbs.org/wgbh/americanexperience/features/jfk-legacy/
552039,https://www.poetryfoundation.org/learn/glossary-terms/sonnet
552042,https://www.poetryfoundation.org/learn/glossary-terms/sonnet
545585,https://www.poetryfoundation.org/resources/learning/glossary-terms/detail/stanza
552040,https://www.poets.org/poetsorg/poem/my-mistress-eyes-are-nothing-sun-sonnet-130
546650,https://www.postermywall.com/index.php/posterbuilder/category/educational-posters/all
552262,https://www.pwc.com/us/en/about-us/corporate-responsibility/corporate-responsibility-report-2011/community/financial-literacy-curriculum-pdfs/paying-for-college/3-pwc-paying-for-college-9-12/4-pwc-paying-for-college-9-12-handout-c.pdf
590882,https://www.screencastify.com/
542589,https://www.semanticscholar.org/paper/Beyond-Reason%3A-Uncovering-the-Collective-%27Code%27-for-Barnett/08c331b3d79734276adb9f41d64826979b2ab3a8/figure/4
542588,https://www.semanticscholar.org/paper/Beyond-Reason%3A-Uncovering-the-Collective-%27Code%27-for-Barnett/08c331b3d79734276adb9f41d64826979b2ab3a8/figure/4
552815,https://www.sessions.edu/wp-content/uploads/Bob-Ross-3.jpg
551636,https://www.smithsonianmag.com/travel/WWI-cemeteries-around-world-180963437/
552286,"https://www.stopbullying.gov/laws/index.htmlExplore the site a bit, then look up the specific details about anti-bullying laws in your state (consider comparing it to other states for context). For your state, what terms are used in the anti-bullying laws? Do the laws cover cyberbullying? What are the legal consequences for cyberbullying in your state? Finally, according to the website, what are some of the signs, effects, and solutions for cyberbullying (provide at least TWO examples for each category)?"
533105,https://www.storyboardthat.com/storyboard-creator
589069,https://www.success.com/food-sleep-exercise-why-you-seriously-need-all-3-to-be-successful/
550190,https://www.sutori.com/story/the-1950s-7287
551414,https://www.sutori.com/story/u-s-involvement-in-wwi
544241,https://www.sutori.com/story/u-s-involvement-in-wwi
551151,https://www.ted.com/talks/celeste_headlee_10_ways_to_have_a_better_conversation?utm_campaign=tedspread--b
551635,https://www.theatlantic.com/photo/2014/04/world-war-i-in-photos-global-conflict/507335/#img38
551729,https://www.theatlantic.com/politics/archive/2014/01/what-happens-when-the-president-sits-down-next-to-you-at-a-cafe/283074/
589402,https://www.theatlantic.com/politics/archive/2017/10/colin-kaepernick/541845/
551870,https://www.theguardian.com/money/us-money-blog/2014/aug/11/women-rights-money-timeline-history
551632,https://www.theguardian.com/world/2014/jan/15/firstworldwar
589066,https://www.themuse.com/advice/how-to-answer-the-31-most-common-interview-questions
552179,https://www.theoceancleanup.com/
546486,https://www.timeanddate.com/holidays/france/bastille-day
508087,https://www.tripadvisor.com/Attractions-g187079-Activities-Bordeaux_Gironde_Nouvelle_Aquitaine.html
546471,https://www.tripadvisor.com/Attractions-g187147-Activities-c47-Paris_Ile_de_France.html
546471,https://www.tripadvisor.com/Attractions-g187147-Activities-c47-Paris_Ile_de_France.html     
551826,https://www.tripline.net/trip/Map_of_the_Arab_Spring_Protests-2173004375451003A9ECA90105EA623D
551822,https://www.tripline.net/trip/Map_of_the_Arab_Spring_Protests-2173004375451003A9ECA90105EA623D
526130,https://www.umuc.edu/writingcenter/writingresources/prewriting_outlining.cfm
526130,https://www.umuc.edu/writingcenter/writingresources/prewriting_outlining.cfm
526076,https://www.umuc.edu/writingcenter/writingresources/prewriting_outlining.cfm
526088,https://www.umuc.edu/writingcenter/writingresources/prewriting_outlining.cfm
526088,https://www.umuc.edu/writingcenter/writingresources/prewriting_outlining.cfm
526091,https://www.umuc.edu/writingcenter/writingresources/prewriting_outlining.cfm
526091,https://www.umuc.edu/writingcenter/writingresources/prewriting_outlining.cfm
526117,https://www.umuc.edu/writingcenter/writingresources/prewriting_outlining.cfm
526117,https://www.umuc.edu/writingcenter/writingresources/prewriting_outlining.cfm
526056,https://www.umuc.edu/writingcenter/writingresources/prewriting_outlining.cfm
526056,https://www.umuc.edu/writingcenter/writingresources/prewriting_outlining.cfm
526076,https://www.umuc.edu/writingcenter/writingresources/prewriting_outlining.cfm
526125,https://www.umuc.edu/writingcenter/writingresources/prewriting_outlining.cfm
526125,https://www.umuc.edu/writingcenter/writingresources/prewriting_outlining.cfm
551414,https://www.umuc.edu/writingcenter/writingresources/prewriting_outlining.cfm
526072,https://www.umuc.edu/writingcenter/writingresources/prewriting_outlining.cfm
526072,https://www.umuc.edu/writingcenter/writingresources/prewriting_outlining.cfm
533042,https://www.umuc.edu/writingcenter/writingresources/prewriting_outlining.cfm
533042,https://www.umuc.edu/writingcenter/writingresources/prewriting_outlining.cfm
533105,https://www.umuc.edu/writingcenter/writingresources/prewriting_outlining.cfm
533105,https://www.umuc.edu/writingcenter/writingresources/prewriting_outlining.cfm
533094,https://www.umuc.edu/writingcenter/writingresources/prewriting_outlining.cfm
533094,https://www.umuc.edu/writingcenter/writingresources/prewriting_outlining.cfm
533098,https://www.umuc.edu/writingcenter/writingresources/prewriting_outlining.cfm
533098,https://www.umuc.edu/writingcenter/writingresources/prewriting_outlining.cfm
533101,https://www.umuc.edu/writingcenter/writingresources/prewriting_outlining.cfm
533101,https://www.umuc.edu/writingcenter/writingresources/prewriting_outlining.cfm
533102,https://www.umuc.edu/writingcenter/writingresources/prewriting_outlining.cfm
533102,https://www.umuc.edu/writingcenter/writingresources/prewriting_outlining.cfm
533103,https://www.umuc.edu/writingcenter/writingresources/prewriting_outlining.cfm
533103,https://www.umuc.edu/writingcenter/writingresources/prewriting_outlining.cfm
533104,https://www.umuc.edu/writingcenter/writingresources/prewriting_outlining.cfm
533104,https://www.umuc.edu/writingcenter/writingresources/prewriting_outlining.cfm
533014,https://www.umuc.edu/writingcenter/writingresources/prewriting_outlining.cfm
533014,https://www.umuc.edu/writingcenter/writingresources/prewriting_outlining.cfm
526120,https://www.umuc.edu/writingcenter/writingresources/prewriting_outlining.cfm
526120,https://www.umuc.edu/writingcenter/writingresources/prewriting_outlining.cfm
552212,"https://www.us-cert.gov/ncas/bulletinsReview the full list of items and see if you can recognize anything on the list that is on ANY computing device you use (home computer, phone, public/library computer, etc.). What item(s), if any, affect you? If none affect you, which one do you think would be significant to a large number of people, and why? From the entire list, describe at least three vulnerabilities you see. Looking at the bulletin, how would you address one of those vulnerabilities? Finally, what were your overall thoughts about the bulletin"
551716,https://www.usatoday.com/
546293,https://www.uvm.edu/~jleonard/AGRI183/propoaganda.html
589069,https://www.verywellmind.com/how-to-deal-with-stress-at-work-3145273
551154,https://www.vocabulary.com/dictionary/conflate
589068,https://www.whatcareerisrightforme.com/career-aptitude-test.php
551885,https://www.writersstore.com/how-to-write-a-screenplay-a-guide-to-scriptwriting/
459001,https://www.youtube.com/user/OnDemandInstruction
459001,https://www.youtube.com/user/OnDemandInstruction
458933,https://www.youtube.com/user/OnDemandInstruction
458933,https://www.youtube.com/user/OnDemandInstruction
546477,https://www.youtube.com/watch?v=R_wOXSOQ24s
546478,https://www.youtube.com/watch?v=R_wOXSOQ24s
540478,https://www.youtube.com/watch?v=cl4B9AU45P4
556464,https://www.youtube.com/watch?v=d3PCjk7YAo0
556464,https://www.youtube.com/watch?v=d3PCjk7YAo0
539760,https://www.youtube.com/watch?v=kcaJnVGujvI
539761,https://www.youtube.com/watch?v=kcaJnVGujvI
551038,https://www.youtube.com/watch?v=qu7cen0VOAA
551882,https://www2.hf.uio.no/polyglotta/public/media/libraries/file/10/A%20Dolls%20House-%20Henrik%20Ibsen.pdf
551802,https://www2.usgs.gov/climate_landuse/clu_rd/paleoclimate/archives.asp
551802,https://www2.usgs.gov/climate_landuse/clu_rd/paleoclimate/proxies.asp
